Season,Round,Date,Home.team,Away.team,providerId
2016,1,24/03/2016,Richmond,Carlton,CD_M20160140101
2016,1,26/03/2016,Melbourne,Greater Western Sydney,CD_M20160140102
2016,1,26/03/2016,Gold Coast,Essendon,CD_M20160140103
2016,1,26/03/2016,North Melbourne,Adelaide,CD_M20160140104
2016,1,26/03/2016,Sydney,Collingwood,CD_M20160140105
2016,1,27/03/2016,Western Bulldogs,Fremantle,CD_M20160140106
2016,1,27/03/2016,Port Adelaide,St Kilda,CD_M20160140108
2016,1,27/03/2016,West Coast,Brisbane Lions,CD_M20160140107
2016,1,28/03/2016,Geelong,Hawthorn,CD_M20160140109
2016,2,1/04/2016,Collingwood,Richmond,CD_M20160140201
2016,2,2/04/2016,Adelaide,Port Adelaide,CD_M20160140205
2016,2,2/04/2016,Essendon,Melbourne,CD_M20160140202
2016,2,2/04/2016,Brisbane Lions,North Melbourne,CD_M20160140203
2016,2,2/04/2016,St Kilda,Western Bulldogs,CD_M20160140206
2016,2,2/04/2016,Fremantle,Gold Coast,CD_M20160140204
2016,2,3/04/2016,Greater Western Sydney,Geelong,CD_M20160140207
2016,2,3/04/2016,Hawthorn,West Coast,CD_M20160140209
2016,2,3/04/2016,Carlton,Sydney,CD_M20160140208
2016,3,8/04/2016,Port Adelaide,Essendon,CD_M20160140301
2016,3,9/04/2016,St Kilda,Collingwood,CD_M20160140305
2016,3,9/04/2016,Richmond,Adelaide,CD_M20160140302
2016,3,9/04/2016,Sydney,Greater Western Sydney,CD_M20160140303
2016,3,9/04/2016,Gold Coast,Carlton,CD_M20160140306
2016,3,9/04/2016,West Coast,Fremantle,CD_M20160140304
2016,3,10/04/2016,North Melbourne,Melbourne,CD_M20160140307
2016,3,10/04/2016,Western Bulldogs,Hawthorn,CD_M20160140309
2016,3,10/04/2016,Geelong,Brisbane Lions,CD_M20160140308
2016,4,15/04/2016,West Coast,Richmond,CD_M20160140401
2016,4,16/04/2016,Essendon,Geelong,CD_M20160140405
2016,4,16/04/2016,Hawthorn,St Kilda,CD_M20160140402
2016,4,16/04/2016,Brisbane Lions,Gold Coast,CD_M20160140403
2016,4,16/04/2016,Carlton,Western Bulldogs,CD_M20160140406
2016,4,16/04/2016,Adelaide,Sydney,CD_M20160140404
2016,4,17/04/2016,Greater Western Sydney,Port Adelaide,CD_M20160140407
2016,4,17/04/2016,Collingwood,Melbourne,CD_M20160140409
2016,4,17/04/2016,North Melbourne,Fremantle,CD_M20160140408
2016,5,22/04/2016,Hawthorn,Adelaide,CD_M20160140501
2016,5,23/04/2016,Sydney,West Coast,CD_M20160140502
2016,5,23/04/2016,Gold Coast,North Melbourne,CD_M20160140503
2016,5,23/04/2016,Western Bulldogs,Brisbane Lions,CD_M20160140504
2016,5,23/04/2016,Port Adelaide,Geelong,CD_M20160140505
2016,5,24/04/2016,St Kilda,Greater Western Sydney,CD_M20160140506
2016,5,24/04/2016,Fremantle,Carlton,CD_M20160140507
2016,5,24/04/2016,Melbourne,Richmond,CD_M20160140508
2016,5,25/04/2016,Collingwood,Essendon,CD_M20160140509
2016,6,29/04/2016,North Melbourne,Western Bulldogs,CD_M20160140601
2016,6,30/04/2016,Melbourne,St Kilda,CD_M20160140605
2016,6,30/04/2016,Adelaide,Fremantle,CD_M20160140602
2016,6,30/04/2016,Greater Western Sydney,Hawthorn,CD_M20160140603
2016,6,30/04/2016,Richmond,Port Adelaide,CD_M20160140604
2016,6,30/04/2016,Geelong,Gold Coast,CD_M20160140606
2016,6,1/05/2016,Brisbane Lions,Sydney,CD_M20160140607
2016,6,1/05/2016,Carlton,Essendon,CD_M20160140609
2016,6,1/05/2016,West Coast,Collingwood,CD_M20160140608
2016,7,6/05/2016,Richmond,Hawthorn,CD_M20160140701
2016,7,7/05/2016,Collingwood,Carlton,CD_M20160140706
2016,7,7/05/2016,Geelong,West Coast,CD_M20160140702
2016,7,7/05/2016,Sydney,Essendon,CD_M20160140703
2016,7,7/05/2016,Gold Coast,Melbourne,CD_M20160140704
2016,7,7/05/2016,Western Bulldogs,Adelaide,CD_M20160140707
2016,7,7/05/2016,Fremantle,Greater Western Sydney,CD_M20160140705
2016,7,8/05/2016,St Kilda,North Melbourne,CD_M20160140709
2016,7,8/05/2016,Port Adelaide,Brisbane Lions,CD_M20160140708
2016,8,13/05/2016,Adelaide,Geelong,CD_M20160140801
2016,8,14/05/2016,Essendon,North Melbourne,CD_M20160140805
2016,8,14/05/2016,Hawthorn,Fremantle,CD_M20160140802
2016,8,14/05/2016,Greater Western Sydney,Gold Coast,CD_M20160140803
2016,8,14/05/2016,Brisbane Lions,Collingwood,CD_M20160140804
2016,8,14/05/2016,Richmond,Sydney,CD_M20160140806
2016,8,15/05/2016,Carlton,Port Adelaide,CD_M20160140807
2016,8,15/05/2016,Melbourne,Western Bulldogs,CD_M20160140809
2016,8,15/05/2016,West Coast,St Kilda,CD_M20160140808
2016,9,20/05/2016,Hawthorn,Sydney,CD_M20160140901
2016,9,21/05/2016,Collingwood,Geelong,CD_M20160140905
2016,9,21/05/2016,Gold Coast,Adelaide,CD_M20160140902
2016,9,21/05/2016,Port Adelaide,West Coast,CD_M20160140903
2016,9,21/05/2016,North Melbourne,Carlton,CD_M20160140904
2016,9,21/05/2016,Fremantle,Richmond,CD_M20160140906
2016,9,22/05/2016,Melbourne,Brisbane Lions,CD_M20160140907
2016,9,22/05/2016,Greater Western Sydney,Western Bulldogs,CD_M20160140909
2016,9,22/05/2016,St Kilda,Essendon,CD_M20160140908
2016,10,27/05/2016,Sydney,North Melbourne,CD_M20160141001
2016,10,28/05/2016,Brisbane Lions,Hawthorn,CD_M20160141005
2016,10,28/05/2016,Melbourne,Port Adelaide,CD_M20160141002
2016,10,28/05/2016,St Kilda,Fremantle,CD_M20160141003
2016,10,28/05/2016,Essendon,Richmond,CD_M20160141006
2016,10,28/05/2016,Adelaide,Greater Western Sydney,CD_M20160141004
2016,10,29/05/2016,Carlton,Geelong,CD_M20160141007
2016,10,29/05/2016,Collingwood,Western Bulldogs,CD_M20160141009
2016,10,29/05/2016,West Coast,Gold Coast,CD_M20160141008
2016,11,3/06/2016,North Melbourne,Richmond,CD_M20160141101
2016,11,4/06/2016,Hawthorn,Melbourne,CD_M20160141105
2016,11,4/06/2016,Carlton,Brisbane Lions,CD_M20160141102
2016,11,4/06/2016,Geelong,Greater Western Sydney,CD_M20160141103
2016,11,4/06/2016,Gold Coast,Sydney,CD_M20160141104
2016,11,4/06/2016,Fremantle,Essendon,CD_M20160141106
2016,11,5/06/2016,Collingwood,Port Adelaide,CD_M20160141107
2016,11,5/06/2016,Western Bulldogs,West Coast,CD_M20160141109
2016,11,5/06/2016,Adelaide,St Kilda,CD_M20160141108
2016,12,10/06/2016,Essendon,Hawthorn,CD_M20160141201
2016,12,11/06/2016,Port Adelaide,Western Bulldogs,CD_M20160141202
2016,12,11/06/2016,Brisbane Lions,Fremantle,CD_M20160141203
2016,12,11/06/2016,Geelong,North Melbourne,CD_M20160141205
2016,12,11/06/2016,West Coast,Adelaide,CD_M20160141204
2016,12,12/06/2016,St Kilda,Carlton,CD_M20160141206
2016,12,12/06/2016,Richmond,Gold Coast,CD_M20160141208
2016,12,12/06/2016,Greater Western Sydney,Sydney,CD_M20160141207
2016,12,13/06/2016,Melbourne,Collingwood,CD_M20160141209
2016,13,17/06/2016,North Melbourne,Hawthorn,CD_M20160141301
2016,13,18/06/2016,Brisbane Lions,West Coast,CD_M20160141302
2016,13,18/06/2016,Fremantle,Port Adelaide,CD_M20160141303
2016,13,18/06/2016,Western Bulldogs,Geelong,CD_M20160141304
2016,13,19/06/2016,Sydney,Melbourne,CD_M20160141305
2016,13,19/06/2016,Essendon,Greater Western Sydney,CD_M20160141306
2016,14,23/06/2016,Adelaide,North Melbourne,CD_M20160141401
2016,14,24/06/2016,Collingwood,Fremantle,CD_M20160141402
2016,14,25/06/2016,Richmond,Brisbane Lions,CD_M20160141403
2016,14,25/06/2016,Greater Western Sydney,Carlton,CD_M20160141404
2016,14,25/06/2016,St Kilda,Geelong,CD_M20160141405
2016,14,26/06/2016,Hawthorn,Gold Coast,CD_M20160141406
2016,15,30/06/2016,West Coast,Essendon,CD_M20160141501
2016,15,1/07/2016,Port Adelaide,Richmond,CD_M20160141502
2016,15,2/07/2016,Gold Coast,St Kilda,CD_M20160141503
2016,15,2/07/2016,Sydney,Western Bulldogs,CD_M20160141504
2016,15,2/07/2016,Carlton,Collingwood,CD_M20160141505
2016,15,3/07/2016,Melbourne,Adelaide,CD_M20160141506
2016,16,7/07/2016,Port Adelaide,Hawthorn,CD_M20160141601
2016,16,8/07/2016,Geelong,Sydney,CD_M20160141602
2016,16,9/07/2016,Greater Western Sydney,Collingwood,CD_M20160141603
2016,16,9/07/2016,Gold Coast,Brisbane Lions,CD_M20160141604
2016,16,9/07/2016,Western Bulldogs,Richmond,CD_M20160141606
2016,16,9/07/2016,Melbourne,Fremantle,CD_M20160141605
2016,16,10/07/2016,Carlton,Adelaide,CD_M20160141607
2016,16,10/07/2016,West Coast,North Melbourne,CD_M20160141609
2016,16,10/07/2016,Essendon,St Kilda,CD_M20160141608
2016,17,14/07/2016,Sydney,Hawthorn,CD_M20160141701
2016,17,15/07/2016,Fremantle,Geelong,CD_M20160141702
2016,17,16/07/2016,Richmond,Essendon,CD_M20160141703
2016,17,16/07/2016,North Melbourne,Port Adelaide,CD_M20160141704
2016,17,16/07/2016,Western Bulldogs,Gold Coast,CD_M20160141705
2016,17,16/07/2016,Adelaide,Collingwood,CD_M20160141706
2016,17,17/07/2016,Carlton,West Coast,CD_M20160141707
2016,17,17/07/2016,St Kilda,Melbourne,CD_M20160141709
2016,17,17/07/2016,Brisbane Lions,Greater Western Sydney,CD_M20160141708
2016,18,22/07/2016,Collingwood,North Melbourne,CD_M20160141801
2016,18,23/07/2016,Sydney,Carlton,CD_M20160141805
2016,18,23/07/2016,Gold Coast,Fremantle,CD_M20160141802
2016,18,23/07/2016,West Coast,Melbourne,CD_M20160141803
2016,18,23/07/2016,Western Bulldogs,St Kilda,CD_M20160141804
2016,18,23/07/2016,Geelong,Adelaide,CD_M20160141806
2016,18,24/07/2016,Essendon,Brisbane Lions,CD_M20160141807
2016,18,24/07/2016,Hawthorn,Richmond,CD_M20160141809
2016,18,24/07/2016,Port Adelaide,Greater Western Sydney,CD_M20160141808
2016,19,29/07/2016,Geelong,Western Bulldogs,CD_M20160141901
2016,19,30/07/2016,Greater Western Sydney,Richmond,CD_M20160141905
2016,19,30/07/2016,Hawthorn,Carlton,CD_M20160141902
2016,19,30/07/2016,Collingwood,West Coast,CD_M20160141903
2016,19,30/07/2016,Brisbane Lions,Port Adelaide,CD_M20160141904
2016,19,30/07/2016,North Melbourne,St Kilda,CD_M20160141906
2016,19,31/07/2016,Melbourne,Gold Coast,CD_M20160141907
2016,19,31/07/2016,Fremantle,Sydney,CD_M20160141909
2016,19,31/07/2016,Adelaide,Essendon,CD_M20160141908
2016,20,5/08/2016,Richmond,Collingwood,CD_M20160142001
2016,20,6/08/2016,Sydney,Port Adelaide,CD_M20160142005
2016,20,6/08/2016,Melbourne,Hawthorn,CD_M20160142002
2016,20,6/08/2016,Gold Coast,Greater Western Sydney,CD_M20160142003
2016,20,6/08/2016,Western Bulldogs,North Melbourne,CD_M20160142006
2016,20,6/08/2016,Adelaide,Brisbane Lions,CD_M20160142004
2016,20,7/08/2016,Carlton,St Kilda,CD_M20160142007
2016,20,7/08/2016,Geelong,Essendon,CD_M20160142009
2016,20,7/08/2016,Fremantle,West Coast,CD_M20160142008
2016,21,12/08/2016,Western Bulldogs,Collingwood,CD_M20160142101
2016,21,13/08/2016,Brisbane Lions,Carlton,CD_M20160142105
2016,21,13/08/2016,Hawthorn,North Melbourne,CD_M20160142102
2016,21,13/08/2016,Greater Western Sydney,West Coast,CD_M20160142103
2016,21,13/08/2016,St Kilda,Sydney,CD_M20160142106
2016,21,13/08/2016,Port Adelaide,Melbourne,CD_M20160142104
2016,21,14/08/2016,Essendon,Gold Coast,CD_M20160142107
2016,21,14/08/2016,Richmond,Geelong,CD_M20160142109
2016,21,14/08/2016,Fremantle,Adelaide,CD_M20160142108
2016,22,19/08/2016,West Coast,Hawthorn,CD_M20160142201
2016,22,20/08/2016,North Melbourne,Sydney,CD_M20160142205
2016,22,20/08/2016,Richmond,St Kilda,CD_M20160142202
2016,22,20/08/2016,Greater Western Sydney,Fremantle,CD_M20160142203
2016,22,20/08/2016,Collingwood,Gold Coast,CD_M20160142206
2016,22,20/08/2016,Port Adelaide,Adelaide,CD_M20160142204
2016,22,21/08/2016,Carlton,Melbourne,CD_M20160142207
2016,22,21/08/2016,Brisbane Lions,Geelong,CD_M20160142209
2016,22,21/08/2016,Essendon,Western Bulldogs,CD_M20160142208
2016,23,26/08/2016,Adelaide,West Coast,CD_M20160142302
2016,23,27/08/2016,Geelong,Melbourne,CD_M20160142309
2016,23,27/08/2016,Essendon,Carlton,CD_M20160142304
2016,23,27/08/2016,Sydney,Richmond,CD_M20160142306
2016,23,27/08/2016,Gold Coast,Port Adelaide,CD_M20160142305
2016,23,27/08/2016,North Melbourne,Greater Western Sydney,CD_M20160142308
2016,23,28/08/2016,St Kilda,Brisbane Lions,CD_M20160142303
2016,23,28/08/2016,Hawthorn,Collingwood,CD_M20160142301
2016,23,28/08/2016,Fremantle,Western Bulldogs,CD_M20160142307
2016,EF,8/09/2016,West Coast,Western Bulldogs,CD_M20160142404
2016,QF,9/09/2016,Geelong,Hawthorn,CD_M20160142402
2016,QF,10/09/2016,Sydney,Greater Western Sydney,CD_M20160142401
2016,EF,10/09/2016,Adelaide,North Melbourne,CD_M20160142403
2016,SF,16/09/2016,Hawthorn,Western Bulldogs,CD_M20160142502
2016,SF,17/09/2016,Sydney,Adelaide,CD_M20160142501
2016,PF,23/09/2016,Geelong,Sydney,CD_M20160142602
2016,PF,24/09/2016,Greater Western Sydney,Western Bulldogs,CD_M20160142601
2016,GF,1/10/2016,Sydney,Western Bulldogs,CD_M20160142701
2017,1,23/03/2017,Carlton,Richmond,CD_M20170140101
2017,1,24/03/2017,Collingwood,Western Bulldogs,CD_M20170140102
2017,1,25/03/2017,St Kilda,Melbourne,CD_M20170140103
2017,1,25/03/2017,Sydney,Port Adelaide,CD_M20170140104
2017,1,25/03/2017,Essendon,Hawthorn,CD_M20170140106
2017,1,25/03/2017,Gold Coast,Brisbane Lions,CD_M20170140105
2017,1,26/03/2017,North Melbourne,West Coast,CD_M20170140107
2017,1,26/03/2017,Adelaide,Greater Western Sydney,CD_M20170140108
2017,1,26/03/2017,Fremantle,Geelong,CD_M20170140109
2017,2,30/03/2017,Richmond,Collingwood,CD_M20170140201
2017,2,31/03/2017,Western Bulldogs,Sydney,CD_M20170140202
2017,2,1/04/2017,Hawthorn,Adelaide,CD_M20170140203
2017,2,1/04/2017,Greater Western Sydney,Gold Coast,CD_M20170140204
2017,2,1/04/2017,Brisbane Lions,Essendon,CD_M20170140205
2017,2,1/04/2017,West Coast,St Kilda,CD_M20170140206
2017,2,2/04/2017,Geelong,North Melbourne,CD_M20170140207
2017,2,2/04/2017,Melbourne,Carlton,CD_M20170140208
2017,2,2/04/2017,Port Adelaide,Fremantle,CD_M20170140209
2017,3,7/04/2017,Sydney,Collingwood,CD_M20170140301
2017,3,8/04/2017,North Melbourne,Greater Western Sydney,CD_M20170140302
2017,3,8/04/2017,Richmond,West Coast,CD_M20170140303
2017,3,8/04/2017,Geelong,Melbourne,CD_M20170140304
2017,3,8/04/2017,Port Adelaide,Adelaide,CD_M20170140305
2017,3,8/04/2017,Fremantle,Western Bulldogs,CD_M20170140306
2017,3,9/04/2017,St Kilda,Brisbane Lions,CD_M20170140307
2017,3,9/04/2017,Carlton,Essendon,CD_M20170140308
2017,3,9/04/2017,Gold Coast,Hawthorn,CD_M20170140309
2017,4,13/04/2017,West Coast,Sydney,CD_M20170140401
2017,4,14/04/2017,North Melbourne,Western Bulldogs,CD_M20170140402
2017,4,15/04/2017,Melbourne,Fremantle,CD_M20170140403
2017,4,15/04/2017,Greater Western Sydney,Port Adelaide,CD_M20170140404
2017,4,15/04/2017,Carlton,Gold Coast,CD_M20170140405
2017,4,15/04/2017,Adelaide,Essendon,CD_M20170140406
2017,4,16/04/2017,Collingwood,St Kilda,CD_M20170140407
2017,4,16/04/2017,Brisbane Lions,Richmond,CD_M20170140408
2017,4,17/04/2017,Hawthorn,Geelong,CD_M20170140409
2017,5,21/04/2017,Port Adelaide,Carlton,CD_M20170140501
2017,5,22/04/2017,Western Bulldogs,Brisbane Lions,CD_M20170140502
2017,5,22/04/2017,Gold Coast,Adelaide,CD_M20170140503
2017,5,22/04/2017,Sydney,Greater Western Sydney,CD_M20170140504
2017,5,22/04/2017,Fremantle,North Melbourne,CD_M20170140505
2017,5,23/04/2017,St Kilda,Geelong,CD_M20170140506
2017,5,23/04/2017,Hawthorn,West Coast,CD_M20170140507
2017,5,24/04/2017,Richmond,Melbourne,CD_M20170140508
2017,5,25/04/2017,Essendon,Collingwood,CD_M20170140509
2017,6,28/04/2017,Greater Western Sydney,Western Bulldogs,CD_M20170140601
2017,6,29/04/2017,Hawthorn,St Kilda,CD_M20170140602
2017,6,29/04/2017,Carlton,Sydney,CD_M20170140603
2017,6,29/04/2017,Brisbane Lions,Port Adelaide,CD_M20170140604
2017,6,29/04/2017,North Melbourne,Gold Coast,CD_M20170140605
2017,6,29/04/2017,West Coast,Fremantle,CD_M20170140606
2017,6,30/04/2017,Essendon,Melbourne,CD_M20170140607
2017,6,30/04/2017,Geelong,Collingwood,CD_M20170140608
2017,6,30/04/2017,Adelaide,Richmond,CD_M20170140609
2017,7,5/05/2017,St Kilda,Greater Western Sydney,CD_M20170140701
2017,7,6/05/2017,North Melbourne,Adelaide,CD_M20170140702
2017,7,6/05/2017,Collingwood,Carlton,CD_M20170140703
2017,7,6/05/2017,Port Adelaide,West Coast,CD_M20170140704
2017,7,6/05/2017,Gold Coast,Geelong,CD_M20170140705
2017,7,6/05/2017,Western Bulldogs,Richmond,CD_M20170140706
2017,7,7/05/2017,Sydney,Brisbane Lions,CD_M20170140707
2017,7,7/05/2017,Melbourne,Hawthorn,CD_M20170140708
2017,7,7/05/2017,Fremantle,Essendon,CD_M20170140709
2017,8,12/05/2017,West Coast,Western Bulldogs,CD_M20170140801
2017,8,13/05/2017,Hawthorn,Brisbane Lions,CD_M20170140802
2017,8,13/05/2017,St Kilda,Carlton,CD_M20170140803
2017,8,13/05/2017,Greater Western Sydney,Collingwood,CD_M20170140804
2017,8,13/05/2017,Essendon,Geelong,CD_M20170140805
2017,8,13/05/2017,Adelaide,Melbourne,CD_M20170140806
2017,8,14/05/2017,Richmond,Fremantle,CD_M20170140807
2017,8,14/05/2017,Gold Coast,Port Adelaide,CD_M20170140808
2017,8,14/05/2017,North Melbourne,Sydney,CD_M20170140809
2017,9,19/05/2017,Geelong,Western Bulldogs,CD_M20170140901
2017,9,20/05/2017,St Kilda,Sydney,CD_M20170140902
2017,9,20/05/2017,Greater Western Sydney,Richmond,CD_M20170140903
2017,9,20/05/2017,Brisbane Lions,Adelaide,CD_M20170140904
2017,9,20/05/2017,Collingwood,Hawthorn,CD_M20170140905
2017,9,21/05/2017,Essendon,West Coast,CD_M20170140906
2017,9,21/05/2017,Melbourne,North Melbourne,CD_M20170140907
2017,9,21/05/2017,Fremantle,Carlton,CD_M20170140908
2017,10,25/05/2017,Geelong,Port Adelaide,CD_M20170141009
2017,10,26/05/2017,Sydney,Hawthorn,CD_M20170141001
2017,10,27/05/2017,Western Bulldogs,St Kilda,CD_M20170141002
2017,10,27/05/2017,Melbourne,Gold Coast,CD_M20170141003
2017,10,27/05/2017,Richmond,Essendon,CD_M20170141004
2017,10,27/05/2017,Adelaide,Fremantle,CD_M20170141005
2017,10,28/05/2017,Collingwood,Brisbane Lions,CD_M20170141006
2017,10,28/05/2017,Carlton,North Melbourne,CD_M20170141007
2017,10,28/05/2017,West Coast,Greater Western Sydney,CD_M20170141008
2017,11,1/06/2017,Port Adelaide,Hawthorn,CD_M20170141101
2017,11,2/06/2017,Geelong,Adelaide,CD_M20170141102
2017,11,3/06/2017,Gold Coast,West Coast,CD_M20170141103
2017,11,3/06/2017,Greater Western Sydney,Essendon,CD_M20170141104
2017,11,3/06/2017,North Melbourne,Richmond,CD_M20170141105
2017,11,4/06/2017,Fremantle,Collingwood,CD_M20170141106
2017,12,8/06/2017,Sydney,Western Bulldogs,CD_M20170141201
2017,12,9/06/2017,Adelaide,St Kilda,CD_M20170141202
2017,12,10/06/2017,Hawthorn,Gold Coast,CD_M20170141203
2017,12,10/06/2017,Brisbane Lions,Fremantle,CD_M20170141204
2017,12,10/06/2017,Essendon,Port Adelaide,CD_M20170141205
2017,12,11/06/2017,Carlton,Greater Western Sydney,CD_M20170141206
2017,12,12/06/2017,Melbourne,Collingwood,CD_M20170141207
2017,13,15/06/2017,West Coast,Geelong,CD_M20170141301
2017,13,16/06/2017,North Melbourne,St Kilda,CD_M20170141302
2017,13,17/06/2017,Richmond,Sydney,CD_M20170141303
2017,13,17/06/2017,Port Adelaide,Brisbane Lions,CD_M20170141304
2017,13,17/06/2017,Gold Coast,Carlton,CD_M20170141305
2017,13,18/06/2017,Western Bulldogs,Melbourne,CD_M20170141306
2017,14,22/06/2017,Adelaide,Hawthorn,CD_M20170141401
2017,14,23/06/2017,Sydney,Essendon,CD_M20170141402
2017,14,24/06/2017,Collingwood,Port Adelaide,CD_M20170141403
2017,14,24/06/2017,Brisbane Lions,Greater Western Sydney,CD_M20170141404
2017,14,24/06/2017,Western Bulldogs,North Melbourne,CD_M20170141405
2017,14,24/06/2017,West Coast,Melbourne,CD_M20170141406
2017,14,25/06/2017,Geelong,Fremantle,CD_M20170141407
2017,14,25/06/2017,Richmond,Carlton,CD_M20170141408
2017,14,25/06/2017,St Kilda,Gold Coast,CD_M20170141409
2017,15,30/06/2017,Melbourne,Sydney,CD_M20170141501
2017,15,1/07/2017,Western Bulldogs,West Coast,CD_M20170141502
2017,15,1/07/2017,Carlton,Adelaide,CD_M20170141503
2017,15,1/07/2017,Gold Coast,North Melbourne,CD_M20170141504
2017,15,1/07/2017,Greater Western Sydney,Geelong,CD_M20170141505
2017,15,1/07/2017,Port Adelaide,Richmond,CD_M20170141506
2017,15,2/07/2017,Essendon,Brisbane Lions,CD_M20170141507
2017,15,2/07/2017,Hawthorn,Collingwood,CD_M20170141508
2017,15,2/07/2017,Fremantle,St Kilda,CD_M20170141509
2017,16,7/07/2017,Adelaide,Western Bulldogs,CD_M20170141601
2017,16,8/07/2017,Hawthorn,Greater Western Sydney,CD_M20170141602
2017,16,8/07/2017,Collingwood,Essendon,CD_M20170141603
2017,16,8/07/2017,Sydney,Gold Coast,CD_M20170141604
2017,16,8/07/2017,Brisbane Lions,Geelong,CD_M20170141605
2017,16,8/07/2017,St Kilda,Richmond,CD_M20170141606
2017,16,9/07/2017,North Melbourne,Fremantle,CD_M20170141607
2017,16,9/07/2017,Carlton,Melbourne,CD_M20170141608
2017,16,9/07/2017,West Coast,Port Adelaide,CD_M20170141609
2017,17,14/07/2017,St Kilda,Essendon,CD_M20170141701
2017,17,15/07/2017,Geelong,Hawthorn,CD_M20170141702
2017,17,15/07/2017,Port Adelaide,North Melbourne,CD_M20170141703
2017,17,15/07/2017,Gold Coast,Collingwood,CD_M20170141704
2017,17,15/07/2017,Greater Western Sydney,Sydney,CD_M20170141705
2017,17,15/07/2017,Melbourne,Adelaide,CD_M20170141706
2017,17,16/07/2017,Richmond,Brisbane Lions,CD_M20170141707
2017,17,16/07/2017,Carlton,Western Bulldogs,CD_M20170141708
2017,17,16/07/2017,Fremantle,West Coast,CD_M20170141709
2017,18,21/07/2017,Adelaide,Geelong,CD_M20170141801
2017,18,22/07/2017,Essendon,North Melbourne,CD_M20170141802
2017,18,22/07/2017,Melbourne,Port Adelaide,CD_M20170141803
2017,18,22/07/2017,Western Bulldogs,Gold Coast,CD_M20170141804
2017,18,22/07/2017,Sydney,St Kilda,CD_M20170141805
2017,18,22/07/2017,Fremantle,Hawthorn,CD_M20170141806
2017,18,23/07/2017,Richmond,Greater Western Sydney,CD_M20170141807
2017,18,23/07/2017,Collingwood,West Coast,CD_M20170141808
2017,18,23/07/2017,Brisbane Lions,Carlton,CD_M20170141809
2017,19,28/07/2017,Hawthorn,Sydney,CD_M20170141901
2017,19,29/07/2017,North Melbourne,Melbourne,CD_M20170141902
2017,19,29/07/2017,Greater Western Sydney,Fremantle,CD_M20170141903
2017,19,29/07/2017,Port Adelaide,St Kilda,CD_M20170141904
2017,19,29/07/2017,Gold Coast,Richmond,CD_M20170141905
2017,19,29/07/2017,Carlton,Geelong,CD_M20170141906
2017,19,30/07/2017,Western Bulldogs,Essendon,CD_M20170141907
2017,19,30/07/2017,Collingwood,Adelaide,CD_M20170141908
2017,19,30/07/2017,West Coast,Brisbane Lions,CD_M20170141909
2017,20,4/08/2017,Geelong,Sydney,CD_M20170142001
2017,20,5/08/2017,Greater Western Sydney,Melbourne,CD_M20170142002
2017,20,5/08/2017,Essendon,Carlton,CD_M20170142003
2017,20,5/08/2017,Brisbane Lions,Western Bulldogs,CD_M20170142004
2017,20,5/08/2017,North Melbourne,Collingwood,CD_M20170142005
2017,20,5/08/2017,Fremantle,Gold Coast,CD_M20170142006
2017,20,6/08/2017,St Kilda,West Coast,CD_M20170142007
2017,20,6/08/2017,Richmond,Hawthorn,CD_M20170142008
2017,20,6/08/2017,Adelaide,Port Adelaide,CD_M20170142009
2017,21,11/08/2017,Western Bulldogs,Greater Western Sydney,CD_M20170142101
2017,21,12/08/2017,Sydney,Fremantle,CD_M20170142102
2017,21,12/08/2017,Geelong,Richmond,CD_M20170142103
2017,21,12/08/2017,Brisbane Lions,Gold Coast,CD_M20170142104
2017,21,12/08/2017,Essendon,Adelaide,CD_M20170142105
2017,21,12/08/2017,West Coast,Carlton,CD_M20170142106
2017,21,13/08/2017,Melbourne,St Kilda,CD_M20170142107
2017,21,13/08/2017,Hawthorn,North Melbourne,CD_M20170142108
2017,21,13/08/2017,Port Adelaide,Collingwood,CD_M20170142109
2017,22,18/08/2017,Adelaide,Sydney,CD_M20170142201
2017,22,19/08/2017,Western Bulldogs,Port Adelaide,CD_M20170142202
2017,22,19/08/2017,Collingwood,Geelong,CD_M20170142203
2017,22,19/08/2017,Greater Western Sydney,West Coast,CD_M20170142204
2017,22,19/08/2017,Gold Coast,Essendon,CD_M20170142205
2017,22,19/08/2017,Carlton,Hawthorn,CD_M20170142206
2017,22,20/08/2017,Melbourne,Brisbane Lions,CD_M20170142207
2017,22,20/08/2017,St Kilda,North Melbourne,CD_M20170142208
2017,22,20/08/2017,Fremantle,Richmond,CD_M20170142209
2017,23,25/08/2017,Hawthorn,Western Bulldogs,CD_M20170142303
2017,23,26/08/2017,Collingwood,Melbourne,CD_M20170142304
2017,23,26/08/2017,Brisbane Lions,North Melbourne,CD_M20170142306
2017,23,26/08/2017,Sydney,Carlton,CD_M20170142305
2017,23,26/08/2017,Geelong,Greater Western Sydney,CD_M20170142309
2017,23,26/08/2017,Port Adelaide,Gold Coast,CD_M20170142302
2017,23,27/08/2017,Essendon,Fremantle,CD_M20170142307
2017,23,27/08/2017,Richmond,St Kilda,CD_M20170142308
2017,23,27/08/2017,West Coast,Adelaide,CD_M20170142301
2017,QF,7/09/2017,Adelaide,Greater Western Sydney,CD_M20170142401
2017,QF,8/09/2017,Geelong,Richmond,CD_M20170142402
2017,EF,9/09/2017,Sydney,Essendon,CD_M20170142404
2017,EF,9/09/2017,Port Adelaide,West Coast,CD_M20170142403
2017,SF,15/09/2017,Geelong,Sydney,CD_M20170142501
2017,SF,16/09/2017,Greater Western Sydney,West Coast,CD_M20170142502
2017,PF,22/09/2017,Adelaide,Geelong,CD_M20170142601
2017,PF,23/09/2017,Richmond,Greater Western Sydney,CD_M20170142602
2017,GF,30/09/2017,Adelaide,Richmond,CD_M20170142701
2018,1,22/03/2018,Richmond,Carlton,CD_M20180140101
2018,1,23/03/2018,Essendon,Adelaide,CD_M20180140102
2018,1,24/03/2018,St Kilda,Brisbane Lions,CD_M20180140103
2018,1,24/03/2018,Port Adelaide,Fremantle,CD_M20180140104
2018,1,24/03/2018,Gold Coast,North Melbourne,CD_M20180140105
2018,1,24/03/2018,Hawthorn,Collingwood,CD_M20180140106
2018,1,25/03/2018,Greater Western Sydney,Western Bulldogs,CD_M20180140107
2018,1,25/03/2018,Melbourne,Geelong,CD_M20180140108
2018,1,25/03/2018,West Coast,Sydney,CD_M20180140109
2018,2,29/03/2018,Adelaide,Richmond,CD_M20180140201
2018,2,30/03/2018,North Melbourne,St Kilda,CD_M20180140202
2018,2,31/03/2018,Carlton,Gold Coast,CD_M20180140203
2018,2,31/03/2018,Collingwood,Greater Western Sydney,CD_M20180140204
2018,2,31/03/2018,Brisbane Lions,Melbourne,CD_M20180140205
2018,2,31/03/2018,Fremantle,Essendon,CD_M20180140206
2018,2,1/04/2018,Western Bulldogs,West Coast,CD_M20180140207
2018,2,1/04/2018,Sydney,Port Adelaide,CD_M20180140208
2018,2,2/04/2018,Geelong,Hawthorn,CD_M20180140209
2018,3,6/04/2018,Carlton,Collingwood,CD_M20180140301
2018,3,7/04/2018,Port Adelaide,Brisbane Lions,CD_M20180140302
2018,3,7/04/2018,Melbourne,North Melbourne,CD_M20180140303
2018,3,7/04/2018,Gold Coast,Fremantle,CD_M20180140304
2018,3,7/04/2018,Sydney,Greater Western Sydney,CD_M20180140305
2018,3,7/04/2018,St Kilda,Adelaide,CD_M20180140306
2018,3,8/04/2018,Richmond,Hawthorn,CD_M20180140307
2018,3,8/04/2018,Western Bulldogs,Essendon,CD_M20180140308
2018,3,8/04/2018,West Coast,Geelong,CD_M20180140309
2018,4,13/04/2018,Adelaide,Collingwood,CD_M20180140401
2018,4,14/04/2018,Greater Western Sydney,Fremantle,CD_M20180140402
2018,4,14/04/2018,Richmond,Brisbane Lions,CD_M20180140403
2018,4,14/04/2018,Western Bulldogs,Sydney,CD_M20180140404
2018,4,14/04/2018,North Melbourne,Carlton,CD_M20180140405
2018,4,14/04/2018,West Coast,Gold Coast,CD_M20180140406
2018,4,15/04/2018,Essendon,Port Adelaide,CD_M20180140407
2018,4,15/04/2018,Hawthorn,Melbourne,CD_M20180140408
2018,4,15/04/2018,Geelong,St Kilda,CD_M20180140409
2018,5,20/04/2018,Sydney,Adelaide,CD_M20180140501
2018,5,21/04/2018,St Kilda,Greater Western Sydney,CD_M20180140502
2018,5,21/04/2018,Carlton,West Coast,CD_M20180140503
2018,5,21/04/2018,Port Adelaide,Geelong,CD_M20180140504
2018,5,21/04/2018,Fremantle,Western Bulldogs,CD_M20180140505
2018,5,22/04/2018,North Melbourne,Hawthorn,CD_M20180140506
2018,5,22/04/2018,Brisbane Lions,Gold Coast,CD_M20180140507
2018,5,24/04/2018,Melbourne,Richmond,CD_M20180140508
2018,5,25/04/2018,Collingwood,Essendon,CD_M20180140509
2018,6,27/04/2018,Western Bulldogs,Carlton,CD_M20180140601
2018,6,28/04/2018,Geelong,Sydney,CD_M20180140602
2018,6,28/04/2018,North Melbourne,Port Adelaide,CD_M20180140603
2018,6,28/04/2018,Greater Western Sydney,Brisbane Lions,CD_M20180140604
2018,6,28/04/2018,Hawthorn,St Kilda,CD_M20180140605
2018,6,28/04/2018,Adelaide,Gold Coast,CD_M20180140606
2018,6,29/04/2018,Essendon,Melbourne,CD_M20180140607
2018,6,29/04/2018,Collingwood,Richmond,CD_M20180140608
2018,6,29/04/2018,Fremantle,West Coast,CD_M20180140609
2018,7,4/05/2018,Geelong,Greater Western Sydney,CD_M20180140701
2018,7,5/05/2018,Western Bulldogs,Gold Coast,CD_M20180140702
2018,7,5/05/2018,Essendon,Hawthorn,CD_M20180140703
2018,7,5/05/2018,West Coast,Port Adelaide,CD_M20180140704
2018,7,5/05/2018,Sydney,North Melbourne,CD_M20180140705
2018,7,5/05/2018,Adelaide,Carlton,CD_M20180140706
2018,7,6/05/2018,Richmond,Fremantle,CD_M20180140707
2018,7,6/05/2018,St Kilda,Melbourne,CD_M20180140708
2018,7,6/05/2018,Brisbane Lions,Collingwood,CD_M20180140709
2018,8,11/05/2018,Hawthorn,Sydney,CD_M20180140801
2018,8,12/05/2018,Greater Western Sydney,West Coast,CD_M20180140802
2018,8,12/05/2018,Carlton,Essendon,CD_M20180140803
2018,8,12/05/2018,Gold Coast,Melbourne,CD_M20180140804
2018,8,12/05/2018,Port Adelaide,Adelaide,CD_M20180140805
2018,8,12/05/2018,Western Bulldogs,Brisbane Lions,CD_M20180140806
2018,8,12/05/2018,Fremantle,St Kilda,CD_M20180140807
2018,8,13/05/2018,North Melbourne,Richmond,CD_M20180140808
2018,8,13/05/2018,Collingwood,Geelong,CD_M20180140809
2018,9,18/05/2018,Adelaide,Western Bulldogs,CD_M20180140901
2018,9,19/05/2018,North Melbourne,Greater Western Sydney,CD_M20180140902
2018,9,19/05/2018,Gold Coast,Port Adelaide,CD_M20180140903
2018,9,19/05/2018,Essendon,Geelong,CD_M20180140904
2018,9,19/05/2018,Sydney,Fremantle,CD_M20180140905
2018,9,19/05/2018,St Kilda,Collingwood,CD_M20180140906
2018,9,20/05/2018,Carlton,Melbourne,CD_M20180140907
2018,9,20/05/2018,Brisbane Lions,Hawthorn,CD_M20180140908
2018,9,20/05/2018,West Coast,Richmond,CD_M20180140909
2018,10,25/05/2018,Collingwood,Western Bulldogs,CD_M20180141001
2018,10,26/05/2018,Richmond,St Kilda,CD_M20180141002
2018,10,26/05/2018,Brisbane Lions,Sydney,CD_M20180141003
2018,10,26/05/2018,Geelong,Carlton,CD_M20180141004
2018,10,26/05/2018,Greater Western Sydney,Essendon,CD_M20180141005
2018,10,27/05/2018,Hawthorn,West Coast,CD_M20180141006
2018,10,27/05/2018,Melbourne,Adelaide,CD_M20180141007
2018,10,27/05/2018,Fremantle,North Melbourne,CD_M20180141008
2018,11,1/06/2018,Sydney,Carlton,CD_M20180141101
2018,11,2/06/2018,Western Bulldogs,Melbourne,CD_M20180141102
2018,11,2/06/2018,Hawthorn,Port Adelaide,CD_M20180141103
2018,11,2/06/2018,Gold Coast,Geelong,CD_M20180141104
2018,11,2/06/2018,Essendon,Richmond,CD_M20180141105
2018,11,2/06/2018,West Coast,St Kilda,CD_M20180141106
2018,11,3/06/2018,North Melbourne,Brisbane Lions,CD_M20180141107
2018,11,3/06/2018,Collingwood,Fremantle,CD_M20180141108
2018,11,3/06/2018,Adelaide,Greater Western Sydney,CD_M20180141109
2018,12,8/06/2018,Port Adelaide,Richmond,CD_M20180141201
2018,12,9/06/2018,Geelong,North Melbourne,CD_M20180141202
2018,12,9/06/2018,Greater Western Sydney,Gold Coast,CD_M20180141203
2018,12,9/06/2018,St Kilda,Sydney,CD_M20180141204
2018,12,10/06/2018,Brisbane Lions,Essendon,CD_M20180141205
2018,12,10/06/2018,Fremantle,Adelaide,CD_M20180141206
2018,12,11/06/2018,Melbourne,Collingwood,CD_M20180141207
2018,13,14/06/2018,Port Adelaide,Western Bulldogs,CD_M20180141301
2018,13,15/06/2018,Sydney,West Coast,CD_M20180141302
2018,13,16/06/2018,Carlton,Fremantle,CD_M20180141303
2018,13,16/06/2018,Gold Coast,St Kilda,CD_M20180141304
2018,13,16/06/2018,Hawthorn,Adelaide,CD_M20180141305
2018,13,17/06/2018,Geelong,Richmond,CD_M20180141306
2018,14,21/06/2018,West Coast,Essendon,CD_M20180141401
2018,14,22/06/2018,Port Adelaide,Melbourne,CD_M20180141402
2018,14,23/06/2018,Hawthorn,Gold Coast,CD_M20180141403
2018,14,23/06/2018,Brisbane Lions,Greater Western Sydney,CD_M20180141404
2018,14,23/06/2018,Western Bulldogs,North Melbourne,CD_M20180141405
2018,14,24/06/2018,Collingwood,Carlton,CD_M20180141406
2018,15,28/06/2018,Richmond,Sydney,CD_M20180141501
2018,15,29/06/2018,Western Bulldogs,Geelong,CD_M20180141502
2018,15,30/06/2018,Carlton,Port Adelaide,CD_M20180141503
2018,15,30/06/2018,Adelaide,West Coast,CD_M20180141504
2018,15,30/06/2018,Gold Coast,Collingwood,CD_M20180141505
2018,15,30/06/2018,Greater Western Sydney,Hawthorn,CD_M20180141506
2018,15,1/07/2018,Melbourne,St Kilda,CD_M20180141507
2018,15,1/07/2018,Essendon,North Melbourne,CD_M20180141508
2018,15,1/07/2018,Fremantle,Brisbane Lions,CD_M20180141509
2018,16,5/07/2018,Sydney,Geelong,CD_M20180141601
2018,16,6/07/2018,Richmond,Adelaide,CD_M20180141602
2018,16,7/07/2018,Brisbane Lions,Carlton,CD_M20180141603
2018,16,7/07/2018,Port Adelaide,St Kilda,CD_M20180141604
2018,16,7/07/2018,Western Bulldogs,Hawthorn,CD_M20180141605
2018,16,7/07/2018,Melbourne,Fremantle,CD_M20180141606
2018,16,8/07/2018,North Melbourne,Gold Coast,CD_M20180141607
2018,16,8/07/2018,Essendon,Collingwood,CD_M20180141608
2018,16,8/07/2018,West Coast,Greater Western Sydney,CD_M20180141609
2018,17,12/07/2018,Adelaide,Geelong,CD_M20180141701
2018,17,13/07/2018,St Kilda,Carlton,CD_M20180141702
2018,17,14/07/2018,Hawthorn,Brisbane Lions,CD_M20180141703
2018,17,14/07/2018,Melbourne,Western Bulldogs,CD_M20180141704
2018,17,14/07/2018,Gold Coast,Essendon,CD_M20180141705
2018,17,14/07/2018,Greater Western Sydney,Richmond,CD_M20180141706
2018,17,15/07/2018,Collingwood,West Coast,CD_M20180141707
2018,17,15/07/2018,North Melbourne,Sydney,CD_M20180141708
2018,17,15/07/2018,Fremantle,Port Adelaide,CD_M20180141709
2018,18,20/07/2018,St Kilda,Richmond,CD_M20180141801
2018,18,21/07/2018,Collingwood,North Melbourne,CD_M20180141802
2018,18,21/07/2018,Sydney,Gold Coast,CD_M20180141803
2018,18,21/07/2018,Essendon,Fremantle,CD_M20180141804
2018,18,21/07/2018,Brisbane Lions,Adelaide,CD_M20180141805
2018,18,21/07/2018,Geelong,Melbourne,CD_M20180141806
2018,18,22/07/2018,Carlton,Hawthorn,CD_M20180141807
2018,18,22/07/2018,West Coast,Western Bulldogs,CD_M20180141808
2018,18,22/07/2018,Port Adelaide,Greater Western Sydney,CD_M20180141809
2018,19,27/07/2018,Essendon,Sydney,CD_M20180141901
2018,19,28/07/2018,Richmond,Collingwood,CD_M20180141902
2018,19,28/07/2018,Geelong,Brisbane Lions,CD_M20180141903
2018,19,28/07/2018,Greater Western Sydney,St Kilda,CD_M20180141904
2018,19,28/07/2018,Gold Coast,Carlton,CD_M20180141905
2018,19,28/07/2018,Adelaide,Melbourne,CD_M20180141906
2018,19,29/07/2018,North Melbourne,West Coast,CD_M20180141907
2018,19,29/07/2018,Western Bulldogs,Port Adelaide,CD_M20180141908
2018,19,29/07/2018,Fremantle,Hawthorn,CD_M20180141909
2018,20,3/08/2018,Richmond,Geelong,CD_M20180142001
2018,20,4/08/2018,Hawthorn,Essendon,CD_M20180142002
2018,20,4/08/2018,Brisbane Lions,North Melbourne,CD_M20180142003
2018,20,4/08/2018,Adelaide,Port Adelaide,CD_M20180142004
2018,20,4/08/2018,St Kilda,Western Bulldogs,CD_M20180142005
2018,20,4/08/2018,Sydney,Collingwood,CD_M20180142006
2018,20,5/08/2018,Carlton,Greater Western Sydney,CD_M20180142007
2018,20,5/08/2018,Melbourne,Gold Coast,CD_M20180142008
2018,20,5/08/2018,West Coast,Fremantle,CD_M20180142009
2018,21,10/08/2018,Essendon,St Kilda,CD_M20180142101
2018,21,11/08/2018,Hawthorn,Geelong,CD_M20180142102
2018,21,11/08/2018,Gold Coast,Richmond,CD_M20180142103
2018,21,11/08/2018,Port Adelaide,West Coast,CD_M20180142104
2018,21,11/08/2018,Collingwood,Brisbane Lions,CD_M20180142105
2018,21,11/08/2018,Greater Western Sydney,Adelaide,CD_M20180142106
2018,21,12/08/2018,North Melbourne,Western Bulldogs,CD_M20180142107
2018,21,12/08/2018,Melbourne,Sydney,CD_M20180142108
2018,21,12/08/2018,Fremantle,Carlton,CD_M20180142109
2018,22,17/08/2018,Richmond,Essendon,CD_M20180142201
2018,22,18/08/2018,Collingwood,Port Adelaide,CD_M20180142202
2018,22,18/08/2018,Geelong,Fremantle,CD_M20180142203
2018,22,18/08/2018,Greater Western Sydney,Sydney,CD_M20180142204
2018,22,18/08/2018,Gold Coast,Brisbane Lions,CD_M20180142205
2018,22,18/08/2018,St Kilda,Hawthorn,CD_M20180142206
2018,22,19/08/2018,Carlton,Western Bulldogs,CD_M20180142207
2018,22,19/08/2018,West Coast,Melbourne,CD_M20180142208
2018,22,19/08/2018,Adelaide,North Melbourne,CD_M20180142209
2018,23,24/08/2018,Port Adelaide,Essendon,CD_M20180142301
2018,23,25/08/2018,Geelong,Gold Coast,CD_M20180142303
2018,23,25/08/2018,Richmond,Western Bulldogs,CD_M20180142304
2018,23,25/08/2018,Fremantle,Collingwood,CD_M20180142309
2018,23,25/08/2018,Carlton,Adelaide,CD_M20180142302
2018,23,25/08/2018,Sydney,Hawthorn,CD_M20180142305
2018,23,26/08/2018,Brisbane Lions,West Coast,CD_M20180142306
2018,23,26/08/2018,Melbourne,Greater Western Sydney,CD_M20180142308
2018,23,26/08/2018,St Kilda,North Melbourne,CD_M20180142307
2018,QF,6/09/2018,Richmond,Hawthorn,CD_M20180142401
2018,EF,7/09/2018,Melbourne,Geelong,CD_M20180142403
2018,EF,8/09/2018,Sydney,Greater Western Sydney,CD_M20180142404
2018,QF,8/09/2018,West Coast,Collingwood,CD_M20180142402
2018,SF,14/09/2018,Hawthorn,Melbourne,CD_M20180142502
2018,SF,15/09/2018,Collingwood,Greater Western Sydney,CD_M20180142501
2018,PF,21/09/2018,Richmond,Collingwood,CD_M20180142601
2018,PF,22/09/2018,West Coast,Melbourne,CD_M20180142602
2018,GF,29/09/2018,West Coast,Collingwood,CD_M20180142701
2019,1,21/03/2019,Carlton,Richmond,CD_M20190140101
2019,1,22/03/2019,Collingwood,Geelong,CD_M20190140102
2019,1,23/03/2019,Melbourne,Port Adelaide,CD_M20190140103
2019,1,23/03/2019,Adelaide,Hawthorn,CD_M20190140104
2019,1,23/03/2019,Western Bulldogs,Sydney,CD_M20190140105
2019,1,23/03/2019,Brisbane Lions,West Coast,CD_M20190140106
2019,1,24/03/2019,St Kilda,Gold Coast,CD_M20190140107
2019,1,24/03/2019,Greater Western Sydney,Essendon,CD_M20190140108
2019,1,24/03/2019,Fremantle,North Melbourne,CD_M20190140109
2019,2,28/03/2019,Richmond,Collingwood,CD_M20190140201
2019,2,29/03/2019,Sydney,Adelaide,CD_M20190140202
2019,2,30/03/2019,Essendon,St Kilda,CD_M20190140203
2019,2,30/03/2019,Port Adelaide,Carlton,CD_M20190140204
2019,2,30/03/2019,Geelong,Melbourne,CD_M20190140205
2019,2,30/03/2019,West Coast,Greater Western Sydney,CD_M20190140206
2019,2,31/03/2019,North Melbourne,Brisbane Lions,CD_M20190140207
2019,2,31/03/2019,Hawthorn,Western Bulldogs,CD_M20190140208
2019,2,31/03/2019,Gold Coast,Fremantle,CD_M20190140209
2019,3,4/04/2019,Adelaide,Geelong,CD_M20190140301
2019,3,5/04/2019,Melbourne,Essendon,CD_M20190140302
2019,3,6/04/2019,Carlton,Sydney,CD_M20190140303
2019,3,6/04/2019,Greater Western Sydney,Richmond,CD_M20190140304
2019,3,6/04/2019,Brisbane Lions,Port Adelaide,CD_M20190140305
2019,3,6/04/2019,Collingwood,West Coast,CD_M20190140306
2019,3,7/04/2019,Western Bulldogs,Gold Coast,CD_M20190140307
2019,3,7/04/2019,Hawthorn,North Melbourne,CD_M20190140308
2019,3,7/04/2019,Fremantle,St Kilda,CD_M20190140309
2019,4,11/04/2019,Sydney,Melbourne,CD_M20190140401
2019,4,12/04/2019,Collingwood,Western Bulldogs,CD_M20190140402
2019,4,13/04/2019,Geelong,Greater Western Sydney,CD_M20190140403
2019,4,13/04/2019,Essendon,Brisbane Lions,CD_M20190140404
2019,4,13/04/2019,Port Adelaide,Richmond,CD_M20190140405
2019,4,13/04/2019,North Melbourne,Adelaide,CD_M20190140406
2019,4,13/04/2019,West Coast,Fremantle,CD_M20190140407
2019,4,14/04/2019,Gold Coast,Carlton,CD_M20190140408
2019,4,14/04/2019,St Kilda,Hawthorn,CD_M20190140409
2019,5,18/04/2019,Brisbane Lions,Collingwood,CD_M20190140501
2019,5,19/04/2019,North Melbourne,Essendon,CD_M20190140502
2019,5,19/04/2019,West Coast,Port Adelaide,CD_M20190140503
2019,5,20/04/2019,Greater Western Sydney,Fremantle,CD_M20190140504
2019,5,20/04/2019,Melbourne,St Kilda,CD_M20190140505
2019,5,20/04/2019,Richmond,Sydney,CD_M20190140506
2019,5,21/04/2019,Western Bulldogs,Carlton,CD_M20190140507
2019,5,21/04/2019,Adelaide,Gold Coast,CD_M20190140508
2019,5,22/04/2019,Hawthorn,Geelong,CD_M20190140509
2019,6,24/04/2019,Richmond,Melbourne,CD_M20190140601
2019,6,25/04/2019,Essendon,Collingwood,CD_M20190140602
2019,6,26/04/2019,Port Adelaide,North Melbourne,CD_M20190140603
2019,6,27/04/2019,Gold Coast,Brisbane Lions,CD_M20190140604
2019,6,27/04/2019,St Kilda,Adelaide,CD_M20190140605
2019,6,27/04/2019,Sydney,Greater Western Sydney,CD_M20190140606
2019,6,27/04/2019,Fremantle,Western Bulldogs,CD_M20190140607
2019,6,28/04/2019,Hawthorn,Carlton,CD_M20190140608
2019,6,28/04/2019,Geelong,West Coast,CD_M20190140609
2019,7,3/05/2019,Collingwood,Port Adelaide,CD_M20190140701
2019,7,4/05/2019,Melbourne,Hawthorn,CD_M20190140702
2019,7,4/05/2019,Greater Western Sydney,St Kilda,CD_M20190140703
2019,7,4/05/2019,Brisbane Lions,Sydney,CD_M20190140704
2019,7,4/05/2019,Western Bulldogs,Richmond,CD_M20190140705
2019,7,4/05/2019,West Coast,Gold Coast,CD_M20190140706
2019,7,5/05/2019,Carlton,North Melbourne,CD_M20190140707
2019,7,5/05/2019,Geelong,Essendon,CD_M20190140708
2019,7,5/05/2019,Adelaide,Fremantle,CD_M20190140709
2019,8,10/05/2019,Sydney,Essendon,CD_M20190140801
2019,8,11/05/2019,Western Bulldogs,Brisbane Lions,CD_M20190140802
2019,8,11/05/2019,Carlton,Collingwood,CD_M20190140803
2019,8,11/05/2019,Gold Coast,Melbourne,CD_M20190140804
2019,8,11/05/2019,St Kilda,West Coast,CD_M20190140805
2019,8,11/05/2019,Port Adelaide,Adelaide,CD_M20190140806
2019,8,12/05/2019,North Melbourne,Geelong,CD_M20190140807
2019,8,12/05/2019,Hawthorn,Greater Western Sydney,CD_M20190140808
2019,8,12/05/2019,Fremantle,Richmond,CD_M20190140809
2019,9,17/05/2019,West Coast,Melbourne,CD_M20190140901
2019,9,18/05/2019,Collingwood,St Kilda,CD_M20190140902
2019,9,18/05/2019,Brisbane Lions,Adelaide,CD_M20190140903
2019,9,18/05/2019,Geelong,Western Bulldogs,CD_M20190140904
2019,9,18/05/2019,Essendon,Fremantle,CD_M20190140905
2019,9,18/05/2019,North Melbourne,Sydney,CD_M20190140906
2019,9,19/05/2019,Port Adelaide,Gold Coast,CD_M20190140907
2019,9,19/05/2019,Richmond,Hawthorn,CD_M20190140908
2019,9,19/05/2019,Greater Western Sydney,Carlton,CD_M20190140909
2019,10,24/05/2019,Sydney,Collingwood,CD_M20190141001
2019,10,25/05/2019,Hawthorn,Port Adelaide,CD_M20190141002
2019,10,25/05/2019,Western Bulldogs,North Melbourne,CD_M20190141003
2019,10,25/05/2019,Adelaide,West Coast,CD_M20190141004
2019,10,25/05/2019,Gold Coast,Geelong,CD_M20190141005
2019,10,25/05/2019,Richmond,Essendon,CD_M20190141006
2019,10,26/05/2019,Melbourne,Greater Western Sydney,CD_M20190141007
2019,10,26/05/2019,St Kilda,Carlton,CD_M20190141008
2019,10,26/05/2019,Fremantle,Brisbane Lions,CD_M20190141009
2019,11,31/05/2019,North Melbourne,Richmond,CD_M20190141101
2019,11,1/06/2019,Collingwood,Fremantle,CD_M20190141102
2019,11,1/06/2019,Greater Western Sydney,Gold Coast,CD_M20190141103
2019,11,1/06/2019,Geelong,Sydney,CD_M20190141104
2019,11,1/06/2019,Brisbane Lions,Hawthorn,CD_M20190141105
2019,11,1/06/2019,Melbourne,Adelaide,CD_M20190141106
2019,11,2/06/2019,St Kilda,Port Adelaide,CD_M20190141107
2019,11,2/06/2019,Essendon,Carlton,CD_M20190141108
2019,11,2/06/2019,West Coast,Western Bulldogs,CD_M20190141109
2019,12,7/06/2019,Richmond,Geelong,CD_M20190141201
2019,12,8/06/2019,Carlton,Brisbane Lions,CD_M20190141202
2019,12,8/06/2019,Gold Coast,North Melbourne,CD_M20190141203
2019,12,8/06/2019,Adelaide,Greater Western Sydney,CD_M20190141204
2019,12,9/06/2019,Sydney,West Coast,CD_M20190141205
2019,12,10/06/2019,Collingwood,Melbourne,CD_M20190141206
2019,13,13/06/2019,Adelaide,Richmond,CD_M20190141301
2019,13,14/06/2019,Essendon,Hawthorn,CD_M20190141302
2019,13,15/06/2019,Gold Coast,St Kilda,CD_M20190141303
2019,13,15/06/2019,Fremantle,Port Adelaide,CD_M20190141304
2019,13,15/06/2019,Carlton,Western Bulldogs,CD_M20190141305
2019,13,16/06/2019,North Melbourne,Greater Western Sydney,CD_M20190141306
2019,14,20/06/2019,West Coast,Essendon,CD_M20190141401
2019,14,21/06/2019,Sydney,Hawthorn,CD_M20190141402
2019,14,22/06/2019,Melbourne,Fremantle,CD_M20190141403
2019,14,22/06/2019,St Kilda,Brisbane Lions,CD_M20190141404
2019,14,22/06/2019,Port Adelaide,Geelong,CD_M20190141405
2019,14,23/06/2019,Western Bulldogs,Collingwood,CD_M20190141406
2019,15,27/06/2019,Essendon,Greater Western Sydney,CD_M20190141501
2019,15,28/06/2019,Geelong,Adelaide,CD_M20190141502
2019,15,29/06/2019,Hawthorn,West Coast,CD_M20190141503
2019,15,29/06/2019,Sydney,Gold Coast,CD_M20190141504
2019,15,29/06/2019,Collingwood,North Melbourne,CD_M20190141505
2019,15,29/06/2019,Port Adelaide,Western Bulldogs,CD_M20190141506
2019,15,30/06/2019,St Kilda,Richmond,CD_M20190141507
2019,15,30/06/2019,Brisbane Lions,Melbourne,CD_M20190141508
2019,15,30/06/2019,Fremantle,Carlton,CD_M20190141509
2019,16,5/07/2019,Hawthorn,Collingwood,CD_M20190141601
2019,16,6/07/2019,Essendon,Sydney,CD_M20190141602
2019,16,6/07/2019,Gold Coast,Richmond,CD_M20190141603
2019,16,6/07/2019,Adelaide,Port Adelaide,CD_M20190141604
2019,16,6/07/2019,Western Bulldogs,Geelong,CD_M20190141605
2019,16,6/07/2019,Fremantle,West Coast,CD_M20190141606
2019,16,7/07/2019,Carlton,Melbourne,CD_M20190141607
2019,16,7/07/2019,North Melbourne,St Kilda,CD_M20190141608
2019,16,7/07/2019,Greater Western Sydney,Brisbane Lions,CD_M20190141609
2019,17,12/07/2019,West Coast,Collingwood,CD_M20190141701
2019,17,13/07/2019,Sydney,Carlton,CD_M20190141702
2019,17,13/07/2019,Hawthorn,Fremantle,CD_M20190141703
2019,17,13/07/2019,Essendon,North Melbourne,CD_M20190141704
2019,17,13/07/2019,Gold Coast,Adelaide,CD_M20190141705
2019,17,13/07/2019,Geelong,St Kilda,CD_M20190141706
2019,17,14/07/2019,Richmond,Greater Western Sydney,CD_M20190141707
2019,17,14/07/2019,Western Bulldogs,Melbourne,CD_M20190141708
2019,17,14/07/2019,Port Adelaide,Brisbane Lions,CD_M20190141709
2019,18,19/07/2019,Adelaide,Essendon,CD_M20190141801
2019,18,20/07/2019,Richmond,Port Adelaide,CD_M20190141802
2019,18,20/07/2019,Carlton,Gold Coast,CD_M20190141803
2019,18,20/07/2019,Greater Western Sydney,Collingwood,CD_M20190141804
2019,18,20/07/2019,Brisbane Lions,North Melbourne,CD_M20190141805
2019,18,20/07/2019,Fremantle,Sydney,CD_M20190141806
2019,18,21/07/2019,Geelong,Hawthorn,CD_M20190141807
2019,18,21/07/2019,Melbourne,West Coast,CD_M20190141808
2019,18,21/07/2019,St Kilda,Western Bulldogs,CD_M20190141809
2019,19,26/07/2019,Collingwood,Richmond,CD_M20190141901
2019,19,27/07/2019,Hawthorn,Brisbane Lions,CD_M20190141902
2019,19,27/07/2019,Carlton,Adelaide,CD_M20190141903
2019,19,27/07/2019,West Coast,North Melbourne,CD_M20190141904
2019,19,27/07/2019,St Kilda,Melbourne,CD_M20190141905
2019,19,27/07/2019,Port Adelaide,Greater Western Sydney,CD_M20190141906
2019,19,28/07/2019,Western Bulldogs,Fremantle,CD_M20190141907
2019,19,28/07/2019,Sydney,Geelong,CD_M20190141908
2019,19,28/07/2019,Gold Coast,Essendon,CD_M20190141909
2019,20,2/08/2019,North Melbourne,Hawthorn,CD_M20190142001
2019,20,3/08/2019,Essendon,Port Adelaide,CD_M20190142002
2019,20,3/08/2019,Greater Western Sydney,Sydney,CD_M20190142003
2019,20,3/08/2019,Fremantle,Geelong,CD_M20190142004
2019,20,3/08/2019,Melbourne,Richmond,CD_M20190142005
2019,20,3/08/2019,Adelaide,St Kilda,CD_M20190142006
2019,20,4/08/2019,Collingwood,Gold Coast,CD_M20190142007
2019,20,4/08/2019,Carlton,West Coast,CD_M20190142008
2019,20,4/08/2019,Brisbane Lions,Western Bulldogs,CD_M20190142009
2019,21,9/08/2019,Greater Western Sydney,Hawthorn,CD_M20190142101
2019,21,10/08/2019,Melbourne,Collingwood,CD_M20190142102
2019,21,10/08/2019,Port Adelaide,Sydney,CD_M20190142103
2019,21,10/08/2019,Brisbane Lions,Gold Coast,CD_M20190142104
2019,21,10/08/2019,Essendon,Western Bulldogs,CD_M20190142105
2019,21,10/08/2019,Geelong,North Melbourne,CD_M20190142106
2019,21,11/08/2019,St Kilda,Fremantle,CD_M20190142107
2019,21,11/08/2019,Richmond,Carlton,CD_M20190142108
2019,21,11/08/2019,West Coast,Adelaide,CD_M20190142109
2019,22,16/08/2019,Melbourne,Sydney,CD_M20190142201
2019,22,17/08/2019,Carlton,St Kilda,CD_M20190142202
2019,22,17/08/2019,Brisbane Lions,Geelong,CD_M20190142203
2019,22,17/08/2019,Adelaide,Collingwood,CD_M20190142204
2019,22,17/08/2019,North Melbourne,Port Adelaide,CD_M20190142205
2019,22,17/08/2019,Fremantle,Essendon,CD_M20190142206
2019,22,18/08/2019,Richmond,West Coast,CD_M20190142207
2019,22,18/08/2019,Greater Western Sydney,Western Bulldogs,CD_M20190142208
2019,22,18/08/2019,Hawthorn,Gold Coast,CD_M20190142209
2019,23,23/08/2019,Collingwood,Essendon,CD_M20190142308
2019,23,24/08/2019,Sydney,St Kilda,CD_M20190142309
2019,23,24/08/2019,North Melbourne,Melbourne,CD_M20190142302
2019,23,24/08/2019,Geelong,Carlton,CD_M20190142306
2019,23,24/08/2019,Gold Coast,Greater Western Sydney,CD_M20190142304
2019,23,24/08/2019,West Coast,Hawthorn,CD_M20190142305
2019,23,25/08/2019,Western Bulldogs,Adelaide,CD_M20190142307
2019,23,25/08/2019,Richmond,Brisbane Lions,CD_M20190142303
2019,23,25/08/2019,Port Adelaide,Fremantle,CD_M20190142301
2019,EF,5/09/2019,West Coast,Essendon,CD_M20190142401
2019,QF,6/09/2019,Geelong,Collingwood,CD_M20190142403
2019,EF,7/09/2019,Greater Western Sydney,Western Bulldogs,CD_M20190142402
2019,QF,7/09/2019,Brisbane Lions,Richmond,CD_M20190142404
2019,SF,13/09/2019,Geelong,West Coast,CD_M20190142501
2019,SF,14/09/2019,Brisbane Lions,Greater Western Sydney,CD_M20190142502
2019,PF,20/09/2019,Richmond,Geelong,CD_M20190142602
2019,PF,21/09/2019,Collingwood,Greater Western Sydney,CD_M20190142601
2019,GF,28/09/2019,Richmond,Greater Western Sydney,CD_M20190142701
2020,1,19/03/2020,Richmond,Carlton,CD_M20200140101
2020,1,20/03/2020,Western Bulldogs,Collingwood,CD_M20200140102
2020,1,21/03/2020,Essendon,Fremantle,CD_M20200140103
2020,1,21/03/2020,Adelaide,Sydney,CD_M20200140104
2020,1,21/03/2020,Greater Western Sydney,Geelong,CD_M20200140105
2020,1,21/03/2020,Gold Coast,Port Adelaide,CD_M20200140106
2020,1,22/03/2020,North Melbourne,St Kilda,CD_M20200140107
2020,1,22/03/2020,Hawthorn,Brisbane Lions,CD_M20200140108
2020,1,22/03/2020,West Coast,Melbourne,CD_M20200140109
2020,2,11/06/2020,Collingwood,Richmond,CD_M20200140201
2020,2,12/06/2020,Geelong,Hawthorn,CD_M20200140202
2020,2,13/06/2020,Brisbane Lions,Fremantle,CD_M20200140203
2020,2,13/06/2020,Carlton,Melbourne,CD_M20200140204
2020,2,13/06/2020,Port Adelaide,Adelaide,CD_M20200140205
2020,2,13/06/2020,Gold Coast,West Coast,CD_M20200140206
2020,2,14/06/2020,Greater Western Sydney,North Melbourne,CD_M20200140207
2020,2,14/06/2020,Sydney,Essendon,CD_M20200140208
2020,2,14/06/2020,St Kilda,Western Bulldogs,CD_M20200140209
2020,3,18/06/2020,Richmond,Hawthorn,CD_M20200140301
2020,3,19/06/2020,Western Bulldogs,Greater Western Sydney,CD_M20200140302
2020,3,20/06/2020,North Melbourne,Sydney,CD_M20200140303
2020,3,20/06/2020,Collingwood,St Kilda,CD_M20200140304
2020,3,20/06/2020,Geelong,Carlton,CD_M20200140305
2020,3,20/06/2020,Brisbane Lions,West Coast,CD_M20200140306
2020,3,21/06/2020,Gold Coast,Adelaide,CD_M20200140307
2020,3,21/06/2020,Fremantle,Port Adelaide,CD_M20200140309
2020,4,25/06/2020,Sydney,Western Bulldogs,CD_M20200140401
2020,4,26/06/2020,Greater Western Sydney,Collingwood,CD_M20200140402
2020,4,27/06/2020,Port Adelaide,West Coast,CD_M20200140403
2020,4,27/06/2020,St Kilda,Richmond,CD_M20200140404
2020,4,27/06/2020,Essendon,Carlton,CD_M20200140405
2020,4,27/06/2020,Gold Coast,Fremantle,CD_M20200140406
2020,4,28/06/2020,Brisbane Lions,Adelaide,CD_M20200140407
2020,4,28/06/2020,Melbourne,Geelong,CD_M20200140408
2020,4,28/06/2020,Hawthorn,North Melbourne,CD_M20200140409
2020,5,2/07/2020,Carlton,St Kilda,CD_M20200140503
2020,5,3/07/2020,Collingwood,Essendon,CD_M20200140502
2020,5,4/07/2020,West Coast,Sydney,CD_M20200140501
2020,5,4/07/2020,Geelong,Gold Coast,CD_M20200140504
2020,5,4/07/2020,Western Bulldogs,North Melbourne,CD_M20200140505
2020,5,4/07/2020,Brisbane Lions,Port Adelaide,CD_M20200140506
2020,5,5/07/2020,Adelaide,Fremantle,CD_M20200140507
2020,5,5/07/2020,Melbourne,Richmond,CD_M20200140508
2020,5,5/07/2020,Greater Western Sydney,Hawthorn,CD_M20200140509
2020,6,9/07/2020,Geelong,Brisbane Lions,CD_M20200140601
2020,6,10/07/2020,Collingwood,Hawthorn,CD_M20200140602
2020,6,11/07/2020,Fremantle,St Kilda,CD_M20200140603
2020,6,11/07/2020,West Coast,Adelaide,CD_M20200140604
2020,6,11/07/2020,Melbourne,Gold Coast,CD_M20200140605
2020,6,11/07/2020,Essendon,North Melbourne,CD_M20200140606
2020,6,12/07/2020,Port Adelaide,Greater Western Sydney,CD_M20200140607
2020,6,12/07/2020,Richmond,Sydney,CD_M20200140608
2020,6,12/07/2020,Carlton,Western Bulldogs,CD_M20200140609
2020,7,16/07/2020,Geelong,Collingwood,CD_M20200140701
2020,7,17/07/2020,Essendon,Western Bulldogs,CD_M20200140702
2020,7,18/07/2020,Greater Western Sydney,Brisbane Lions,CD_M20200140703
2020,7,18/07/2020,Sydney,Gold Coast,CD_M20200140704
2020,7,18/07/2020,Richmond,North Melbourne,CD_M20200140705
2020,7,19/07/2020,Carlton,Port Adelaide,CD_M20200140706
2020,7,19/07/2020,Hawthorn,Melbourne,CD_M20200140707
2020,7,19/07/2020,Fremantle,West Coast,CD_M20200140708
2020,7,20/07/2020,Adelaide,St Kilda,CD_M20200140709
2020,8,23/07/2020,Gold Coast,Western Bulldogs,CD_M20200140801
2020,8,24/07/2020,Greater Western Sydney,Richmond,CD_M20200140802
2020,8,25/07/2020,North Melbourne,Carlton,CD_M20200140803
2020,8,25/07/2020,Sydney,Hawthorn,CD_M20200140804
2020,8,25/07/2020,Port Adelaide,St Kilda,CD_M20200140805
2020,8,26/07/2020,Adelaide,Essendon,CD_M20200140806
2020,8,26/07/2020,West Coast,Collingwood,CD_M20200140807
2020,8,26/07/2020,Melbourne,Brisbane Lions,CD_M20200140808
2020,8,27/07/2020,Fremantle,Geelong,CD_M20200140809
2020,9,29/07/2020,Western Bulldogs,Richmond,CD_M20200140901
2020,9,30/07/2020,Melbourne,Port Adelaide,CD_M20200140903
2020,9,31/07/2020,Carlton,Hawthorn,CD_M20200140902
2020,9,31/07/2020,Essendon,Brisbane Lions,CD_M20200140904
2020,9,1/08/2020,North Melbourne,Adelaide,CD_M20200140905
2020,9,1/08/2020,St Kilda,Sydney,CD_M20200140906
2020,9,1/08/2020,West Coast,Geelong,CD_M20200140907
2020,9,2/08/2020,Gold Coast,Greater Western Sydney,CD_M20200140908
2020,9,2/08/2020,Fremantle,Collingwood,CD_M20200140909
2020,10,3/08/2020,Port Adelaide,Western Bulldogs,CD_M20200141001
2020,10,4/08/2020,Richmond,Brisbane Lions,CD_M20200141002
2020,10,5/08/2020,Geelong,North Melbourne,CD_M20200141003
2020,10,5/08/2020,Adelaide,Melbourne,CD_M20200141004
2020,10,6/08/2020,Collingwood,Sydney,CD_M20200141005
2020,10,6/08/2020,Gold Coast,St Kilda,CD_M20200141006
2020,10,7/08/2020,Essendon,Greater Western Sydney,CD_M20200141007
2020,11,8/08/2020,Port Adelaide,Richmond,CD_M20200141101
2020,11,8/08/2020,Brisbane Lions,Western Bulldogs,CD_M20200141102
2020,11,9/08/2020,West Coast,Carlton,CD_M20200141103
2020,11,9/08/2020,Melbourne,North Melbourne,CD_M20200141104
2020,11,10/08/2020,St Kilda,Geelong,CD_M20200141105
2020,11,10/08/2020,Fremantle,Hawthorn,CD_M20200141106
2020,11,11/08/2020,Adelaide,Collingwood,CD_M20200141107
2020,11,12/08/2020,Gold Coast,Essendon,CD_M20200141108
2020,12,13/08/2020,Sydney,Greater Western Sydney,CD_M20200141201
2020,12,14/08/2020,Geelong,Port Adelaide,CD_M20200141202
2020,12,15/08/2020,North Melbourne,Brisbane Lions,CD_M20200141203
2020,12,15/08/2020,Melbourne,Collingwood,CD_M20200141204
2020,12,15/08/2020,Fremantle,Carlton,CD_M20200141205
2020,12,16/08/2020,Western Bulldogs,Adelaide,CD_M20200141206
2020,12,16/08/2020,St Kilda,Essendon,CD_M20200141207
2020,12,16/08/2020,West Coast,Hawthorn,CD_M20200141208
2020,12,17/08/2020,Richmond,Gold Coast,CD_M20200141209
2020,13,21/08/2020,Gold Coast,Carlton,CD_M20200141301
2020,13,22/08/2020,Western Bulldogs,Melbourne,CD_M20200141302
2020,13,22/08/2020,Port Adelaide,Hawthorn,CD_M20200141303
2020,13,22/08/2020,Essendon,Richmond,CD_M20200141304
2020,13,22/08/2020,Fremantle,Sydney,CD_M20200141305
2020,13,23/08/2020,Adelaide,Geelong,CD_M20200141306
2020,13,23/08/2020,Brisbane Lions,St Kilda,CD_M20200141307
2020,13,23/08/2020,West Coast,Greater Western Sydney,CD_M20200141308
2020,13,24/08/2020,Collingwood,North Melbourne,CD_M20200141309
2020,14,27/08/2020,Hawthorn,Essendon,CD_M20200141401
2020,14,27/08/2020,Richmond,West Coast,CD_M20200141402
2020,14,28/08/2020,Western Bulldogs,Geelong,CD_M20200141403
2020,14,29/08/2020,Port Adelaide,Sydney,CD_M20200141404
2020,14,29/08/2020,Fremantle,Greater Western Sydney,CD_M20200141405
2020,14,29/08/2020,Melbourne,St Kilda,CD_M20200141406
2020,14,30/08/2020,Carlton,Collingwood,CD_M20200141407
2020,14,30/08/2020,Gold Coast,North Melbourne,CD_M20200141408
2020,15,1/09/2020,Hawthorn,Adelaide,CD_M20200141501
2020,15,1/09/2020,West Coast,Essendon,CD_M20200141502
2020,15,2/09/2020,Richmond,Fremantle,CD_M20200141503
2020,15,3/09/2020,Sydney,Melbourne,CD_M20200141504
2020,15,3/09/2020,Greater Western Sydney,Carlton,CD_M20200141505
2020,15,4/09/2020,Brisbane Lions,Collingwood,CD_M20200141506
2020,16,5/09/2020,North Melbourne,Port Adelaide,CD_M20200141601
2020,16,6/09/2020,St Kilda,Hawthorn,CD_M20200141602
2020,16,6/09/2020,Geelong,Essendon,CD_M20200141603
2020,16,6/09/2020,Western Bulldogs,West Coast,CD_M20200141604
2020,16,7/09/2020,Melbourne,Fremantle,CD_M20200141605
2020,16,8/09/2020,Adelaide,Greater Western Sydney,CD_M20200141606
2020,16,8/09/2020,Carlton,Sydney,CD_M20200141607
2020,16,9/09/2020,Brisbane Lions,Gold Coast,CD_M20200141608
2020,17,10/09/2020,St Kilda,West Coast,CD_M20200141701
2020,17,11/09/2020,Geelong,Richmond,CD_M20200141702
2020,17,12/09/2020,North Melbourne,Fremantle,CD_M20200141703
2020,17,12/09/2020,Port Adelaide,Essendon,CD_M20200141704
2020,17,12/09/2020,Greater Western Sydney,Melbourne,CD_M20200141705
2020,17,13/09/2020,Carlton,Adelaide,CD_M20200141706
2020,17,13/09/2020,Hawthorn,Western Bulldogs,CD_M20200141707
2020,17,13/09/2020,Sydney,Brisbane Lions,CD_M20200141708
2020,17,14/09/2020,Collingwood,Gold Coast,CD_M20200141709
2020,18,17/09/2020,North Melbourne,West Coast,CD_M20200141807
2020,18,18/09/2020,St Kilda,Greater Western Sydney,CD_M20200141808
2020,18,19/09/2020,Essendon,Melbourne,CD_M20200141804
2020,18,19/09/2020,Adelaide,Richmond,CD_M20200141801
2020,18,19/09/2020,Brisbane Lions,Carlton,CD_M20200141802
2020,18,20/09/2020,Hawthorn,Gold Coast,CD_M20200141806
2020,18,20/09/2020,Sydney,Geelong,CD_M20200141809
2020,18,20/09/2020,Fremantle,Western Bulldogs,CD_M20200141805
2020,18,21/09/2020,Collingwood,Port Adelaide,CD_M20200141803
2020,QF,1/10/2020,Port Adelaide,Geelong,CD_M20200141901
2020,QF,2/10/2020,Brisbane Lions,Richmond,CD_M20200141902
2020,EF,3/10/2020,St Kilda,Western Bulldogs,CD_M20200141903
2020,EF,3/10/2020,West Coast,Collingwood,CD_M20200141904
2020,SF,9/10/2020,Richmond,St Kilda,CD_M20200142001
2020,SF,10/10/2020,Geelong,Collingwood,CD_M20200142002
2020,PF,16/10/2020,Port Adelaide,Richmond,CD_M20200142101
2020,PF,17/10/2020,Brisbane Lions,Geelong,CD_M20200142102
2020,GF,24/10/2020,Richmond,Geelong,CD_M20200142201
2021,1,18/03/2021,Richmond,Carlton,CD_M20210140101
2021,1,19/03/2021,Collingwood,Western Bulldogs,CD_M20210140102
2021,1,20/03/2021,Melbourne,Fremantle,CD_M20210140103
2021,1,20/03/2021,Adelaide,Geelong,CD_M20210140104
2021,1,20/03/2021,Essendon,Hawthorn,CD_M20210140105
2021,1,20/03/2021,Brisbane Lions,Sydney,CD_M20210140106
2021,1,21/03/2021,North Melbourne,Port Adelaide,CD_M20210140107
2021,1,21/03/2021,Greater Western Sydney,St Kilda,CD_M20210140108
2021,1,21/03/2021,West Coast,Gold Coast,CD_M20210140109
2021,2,25/03/2021,Carlton,Collingwood,CD_M20210140201
2021,2,26/03/2021,Geelong,Brisbane Lions,CD_M20210140202
2021,2,27/03/2021,Sydney,Adelaide,CD_M20210140203
2021,2,27/03/2021,Port Adelaide,Essendon,CD_M20210140204
2021,2,27/03/2021,St Kilda,Melbourne,CD_M20210140205
2021,2,27/03/2021,Gold Coast,North Melbourne,CD_M20210140206
2021,2,28/03/2021,Hawthorn,Richmond,CD_M20210140207
2021,2,28/03/2021,Western Bulldogs,West Coast,CD_M20210140208
2021,2,28/03/2021,Fremantle,Greater Western Sydney,CD_M20210140209
2021,3,1/04/2021,Collingwood,Brisbane Lions,CD_M20210140301
2021,3,2/04/2021,North Melbourne,Western Bulldogs,CD_M20210140302
2021,3,2/04/2021,Adelaide,Gold Coast,CD_M20210140303
2021,3,3/04/2021,Richmond,Sydney,CD_M20210140304
2021,3,3/04/2021,Essendon,St Kilda,CD_M20210140305
2021,3,3/04/2021,West Coast,Port Adelaide,CD_M20210140306
2021,3,4/04/2021,Carlton,Fremantle,CD_M20210140307
2021,3,4/04/2021,Greater Western Sydney,Melbourne,CD_M20210140308
2021,3,5/04/2021,Geelong,Hawthorn,CD_M20210140309
2021,4,8/04/2021,Sydney,Essendon,CD_M20210140401
2021,4,9/04/2021,Port Adelaide,Richmond,CD_M20210140402
2021,4,10/04/2021,Western Bulldogs,Brisbane Lions,CD_M20210140403
2021,4,10/04/2021,St Kilda,West Coast,CD_M20210140404
2021,4,10/04/2021,Gold Coast,Carlton,CD_M20210140405
2021,4,10/04/2021,Collingwood,Greater Western Sydney,CD_M20210140406
2021,4,11/04/2021,North Melbourne,Adelaide,CD_M20210140407
2021,4,11/04/2021,Melbourne,Geelong,CD_M20210140408
2021,4,11/04/2021,Fremantle,Hawthorn,CD_M20210140409
2021,5,15/04/2021,St Kilda,Richmond,CD_M20210140501
2021,5,16/04/2021,West Coast,Collingwood,CD_M20210140502
2021,5,17/04/2021,Western Bulldogs,Gold Coast,CD_M20210140503
2021,5,17/04/2021,Sydney,Greater Western Sydney,CD_M20210140504
2021,5,17/04/2021,Carlton,Port Adelaide,CD_M20210140505
2021,5,17/04/2021,Brisbane Lions,Essendon,CD_M20210140506
2021,5,18/04/2021,Adelaide,Fremantle,CD_M20210140507
2021,5,18/04/2021,Hawthorn,Melbourne,CD_M20210140508
2021,5,18/04/2021,Geelong,North Melbourne,CD_M20210140509
2021,6,23/04/2021,Greater Western Sydney,Western Bulldogs,CD_M20210140601
2021,6,24/04/2021,Geelong,West Coast,CD_M20210140602
2021,6,24/04/2021,Gold Coast,Sydney,CD_M20210140603
2021,6,24/04/2021,Carlton,Brisbane Lions,CD_M20210140604
2021,6,24/04/2021,Melbourne,Richmond,CD_M20210140605
2021,6,24/04/2021,Fremantle,North Melbourne,CD_M20210140606
2021,6,25/04/2021,Hawthorn,Adelaide,CD_M20210140607
2021,6,25/04/2021,Collingwood,Essendon,CD_M20210140608
2021,6,25/04/2021,Port Adelaide,St Kilda,CD_M20210140609
2021,7,30/04/2021,Richmond,Western Bulldogs,CD_M20210140706
2021,7,1/05/2021,Collingwood,Gold Coast,CD_M20210140703
2021,7,1/05/2021,Adelaide,Greater Western Sydney,CD_M20210140701
2021,7,1/05/2021,St Kilda,Hawthorn,CD_M20210140707
2021,7,1/05/2021,Brisbane Lions,Port Adelaide,CD_M20210140702
2021,7,1/05/2021,Sydney,Geelong,CD_M20210140708
2021,7,2/05/2021,North Melbourne,Melbourne,CD_M20210140705
2021,7,2/05/2021,Essendon,Carlton,CD_M20210140704
2021,7,2/05/2021,West Coast,Fremantle,CD_M20210140709
2021,8,7/05/2021,Richmond,Geelong,CD_M20210140808
2021,8,8/05/2021,Gold Coast,St Kilda,CD_M20210140802
2021,8,8/05/2021,Greater Western Sydney,Essendon,CD_M20210140803
2021,8,8/05/2021,North Melbourne,Collingwood,CD_M20210140806
2021,8,8/05/2021,Melbourne,Sydney,CD_M20210140805
2021,8,8/05/2021,Port Adelaide,Adelaide,CD_M20210140807
2021,8,9/05/2021,Hawthorn,West Coast,CD_M20210140804
2021,8,9/05/2021,Western Bulldogs,Carlton,CD_M20210140809
2021,8,9/05/2021,Brisbane Lions,Fremantle,CD_M20210140801
2021,9,14/05/2021,St Kilda,Geelong,CD_M20210140907
2021,9,15/05/2021,Sydney,Collingwood,CD_M20210140908
2021,9,15/05/2021,Hawthorn,North Melbourne,CD_M20210140903
2021,9,15/05/2021,Gold Coast,Brisbane Lions,CD_M20210140902
2021,9,15/05/2021,Richmond,Greater Western Sydney,CD_M20210140906
2021,9,15/05/2021,Port Adelaide,Western Bulldogs,CD_M20210140905
2021,9,16/05/2021,Essendon,Fremantle,CD_M20210140901
2021,9,16/05/2021,Melbourne,Carlton,CD_M20210140904
2021,9,16/05/2021,West Coast,Adelaide,CD_M20210140909
2021,10,21/05/2021,Brisbane Lions,Richmond,CD_M20210141002
2021,10,22/05/2021,Carlton,Hawthorn,CD_M20210141003
2021,10,22/05/2021,Geelong,Gold Coast,CD_M20210141007
2021,10,22/05/2021,Adelaide,Melbourne,CD_M20210141001
2021,10,22/05/2021,Western Bulldogs,St Kilda,CD_M20210141009
2021,10,22/05/2021,Fremantle,Sydney,CD_M20210141006
2021,10,23/05/2021,Greater Western Sydney,West Coast,CD_M20210141008
2021,10,23/05/2021,Collingwood,Port Adelaide,CD_M20210141004
2021,10,23/05/2021,Essendon,North Melbourne,CD_M20210141005
2021,11,28/05/2021,Western Bulldogs,Melbourne,CD_M20210141109
2021,11,29/05/2021,Collingwood,Geelong,CD_M20210141102
2021,11,29/05/2021,Brisbane Lions,Greater Western Sydney,CD_M20210141101
2021,11,29/05/2021,St Kilda,North Melbourne,CD_M20210141106
2021,11,29/05/2021,Gold Coast,Hawthorn,CD_M20210141103
2021,11,29/05/2021,West Coast,Essendon,CD_M20210141108
2021,11,30/05/2021,Richmond,Adelaide,CD_M20210141105
2021,11,30/05/2021,Sydney,Carlton,CD_M20210141107
2021,11,30/05/2021,Port Adelaide,Fremantle,CD_M20210141104
2021,12,4/06/2021,Melbourne,Brisbane Lions,CD_M20210141205
2021,12,5/06/2021,Sydney,St Kilda,CD_M20210141206
2021,12,5/06/2021,Adelaide,Collingwood,CD_M20210141201
2021,12,5/06/2021,Essendon,Richmond,CD_M20210141203
2021,12,6/06/2021,Carlton,West Coast,CD_M20210141202
2021,12,6/06/2021,Fremantle,Western Bulldogs,CD_M20210141204
2021,13,10/06/2021,Port Adelaide,Geelong,CD_M20210141304
2021,13,11/06/2021,Sydney,Hawthorn,CD_M20210141306
2021,13,12/06/2021,Fremantle,Gold Coast,CD_M20210141301
2021,13,12/06/2021,St Kilda,Adelaide,CD_M20210141305
2021,13,13/06/2021,North Melbourne,Greater Western Sydney,CD_M20210141303
2021,13,13/06/2021,West Coast,Richmond,CD_M20210141311
2021,13,14/06/2021,Melbourne,Collingwood,CD_M20210141302
2021,14,18/06/2021,Geelong,Western Bulldogs,CD_M20210141401
2021,14,19/06/2021,Gold Coast,Port Adelaide,CD_M20210141402
2021,14,19/06/2021,North Melbourne,Brisbane Lions,CD_M20210141405
2021,14,19/06/2021,Greater Western Sydney,Carlton,CD_M20210141403
2021,14,20/06/2021,Hawthorn,Essendon,CD_M20210141404
2021,15,24/06/2021,Brisbane Lions,Geelong,CD_M20210141501
2021,15,25/06/2021,Richmond,St Kilda,CD_M20210141508
2021,15,26/06/2021,Collingwood,Fremantle,CD_M20210141503
2021,15,26/06/2021,North Melbourne,Gold Coast,CD_M20210141506
2021,15,26/06/2021,Port Adelaide,Sydney,CD_M20210141507
2021,15,26/06/2021,Essendon,Melbourne,CD_M20210141504
2021,15,27/06/2021,Greater Western Sydney,Hawthorn,CD_M20210141505
2021,15,27/06/2021,West Coast,Western Bulldogs,CD_M20210141509
2021,15,27/06/2021,Carlton,Adelaide,CD_M20210141502
2021,16,1/07/2021,Gold Coast,Richmond,CD_M20210141605
2021,16,2/07/2021,Geelong,Essendon,CD_M20210141604
2021,16,3/07/2021,Melbourne,Greater Western Sydney,CD_M20210141607
2021,16,3/07/2021,Adelaide,Brisbane Lions,CD_M20210141601
2021,16,3/07/2021,Fremantle,Carlton,CD_M20210141603
2021,16,3/07/2021,Hawthorn,Port Adelaide,CD_M20210141606
2021,16,4/07/2021,Sydney,West Coast,CD_M20210141608
2021,16,4/07/2021,Collingwood,St Kilda,CD_M20210141602
2021,16,4/07/2021,Western Bulldogs,North Melbourne,CD_M20210141609
2021,17,8/07/2021,Port Adelaide,Melbourne,CD_M20210141706
2021,17,9/07/2021,Essendon,Adelaide,CD_M20210141703
2021,17,10/07/2021,Hawthorn,Fremantle,CD_M20210141705
2021,17,10/07/2021,Carlton,Geelong,CD_M20210141702
2021,17,10/07/2021,Brisbane Lions,St Kilda,CD_M20210141701
2021,17,11/07/2021,Greater Western Sydney,Gold Coast,CD_M20210141704
2021,17,11/07/2021,Western Bulldogs,Sydney,CD_M20210141709
2021,17,11/07/2021,Richmond,Collingwood,CD_M20210141707
2021,17,12/07/2021,West Coast,North Melbourne,CD_M20210141708
2021,18,15/07/2021,Fremantle,Geelong,CD_M20210141803
2021,18,16/07/2021,Richmond,Brisbane Lions,CD_M20210141808
2021,18,17/07/2021,St Kilda,Port Adelaide,CD_M20210141809
2021,18,17/07/2021,Gold Coast,Western Bulldogs,CD_M20210141804
2021,18,17/07/2021,Melbourne,Hawthorn,CD_M20210141806
2021,18,18/07/2021,North Melbourne,Essendon,CD_M20210141807
2021,18,18/07/2021,Collingwood,Carlton,CD_M20210141802
2021,18,18/07/2021,Adelaide,West Coast,CD_M20210141801
2021,18,18/07/2021,Greater Western Sydney,Sydney,CD_M20210141805
2021,19,23/07/2021,Port Adelaide,Collingwood,CD_M20210141906
2021,19,24/07/2021,Carlton,North Melbourne,CD_M20210141901
2021,19,24/07/2021,Brisbane Lions,Gold Coast,CD_M20210141905
2021,19,24/07/2021,West Coast,St Kilda,CD_M20210141908
2021,19,24/07/2021,Melbourne,Western Bulldogs,CD_M20210141904
2021,19,24/07/2021,Adelaide,Hawthorn,CD_M20210141909
2021,19,25/07/2021,Sydney,Fremantle,CD_M20210141907
2021,19,25/07/2021,Geelong,Richmond,CD_M20210141903
2021,19,25/07/2021,Essendon,Greater Western Sydney,CD_M20210141902
2021,20,30/07/2021,St Kilda,Carlton,CD_M20210142009
2021,20,31/07/2021,Western Bulldogs,Adelaide,CD_M20210142007
2021,20,31/07/2021,North Melbourne,Geelong,CD_M20210142008
2021,20,31/07/2021,Collingwood,West Coast,CD_M20210142003
2021,20,1/08/2021,Gold Coast,Melbourne,CD_M20210142002
2021,20,1/08/2021,Hawthorn,Brisbane Lions,CD_M20210142001
2021,20,1/08/2021,Essendon,Sydney,CD_M20210142004
2021,20,1/08/2021,Fremantle,Richmond,CD_M20210142005
2021,20,1/08/2021,Greater Western Sydney,Port Adelaide,CD_M20210142006
2021,21,6/08/2021,Geelong,Greater Western Sydney,CD_M20210142104
2021,21,7/08/2021,Carlton,Gold Coast,CD_M20210142103
2021,21,7/08/2021,Richmond,North Melbourne,CD_M20210142106
2021,21,7/08/2021,Adelaide,Port Adelaide,CD_M20210142101
2021,21,7/08/2021,St Kilda,Sydney,CD_M20210142107
2021,21,8/08/2021,Hawthorn,Collingwood,CD_M20210142105
2021,21,8/08/2021,Western Bulldogs,Essendon,CD_M20210142109
2021,21,8/08/2021,Fremantle,Brisbane Lions,CD_M20210142102
2021,21,9/08/2021,West Coast,Melbourne,CD_M20210142108
2021,22,13/08/2021,Greater Western Sydney,Richmond,CD_M20210142205
2021,22,14/08/2021,Hawthorn,Western Bulldogs,CD_M20210142206
2021,22,14/08/2021,Geelong,St Kilda,CD_M20210142203
2021,22,14/08/2021,Port Adelaide,Carlton,CD_M20210142209
2021,22,14/08/2021,Brisbane Lions,Collingwood,CD_M20210142201
2021,22,14/08/2021,North Melbourne,Sydney,CD_M20210142208
2021,22,15/08/2021,Melbourne,Adelaide,CD_M20210142207
2021,22,15/08/2021,Gold Coast,Essendon,CD_M20210142204
2021,22,15/08/2021,Fremantle,West Coast,CD_M20210142202
2021,23,20/08/2021,Western Bulldogs,Port Adelaide,CD_M20210142309
2021,23,21/08/2021,Richmond,Hawthorn,CD_M20210142306
2021,23,21/08/2021,Sydney,Gold Coast,CD_M20210142308
2021,23,21/08/2021,Brisbane Lions,West Coast,CD_M20210142302
2021,23,21/08/2021,Geelong,Melbourne,CD_M20210142305
2021,23,21/08/2021,Carlton,Greater Western Sydney,CD_M20210142303
2021,23,22/08/2021,St Kilda,Fremantle,CD_M20210142307
2021,23,22/08/2021,Essendon,Collingwood,CD_M20210142304
2021,23,22/08/2021,Adelaide,North Melbourne,CD_M20210142301
2021,QF,27/08/2021,Port Adelaide,Geelong,CD_M20210142401
2021,EF,28/08/2021,Sydney,Greater Western Sydney,CD_M20210142402
2021,QF,28/08/2021,Melbourne,Brisbane Lions,CD_M20210142403
2021,EF,29/08/2021,Western Bulldogs,Essendon,CD_M20210142404
2021,SF,3/09/2021,Geelong,Greater Western Sydney,CD_M20210142501
2021,SF,4/09/2021,Brisbane Lions,Western Bulldogs,CD_M20210142502
2021,PF,10/09/2021,Melbourne,Geelong,CD_M20210142601
2021,PF,11/09/2021,Port Adelaide,Western Bulldogs,CD_M20210142602
2021,GF,25/09/2021,Melbourne,Western Bulldogs,CD_M20210142701
2022,1,16/03/2022,Melbourne,Western Bulldogs,CD_M20220140101
2022,1,17/03/2022,Carlton,Richmond,CD_M20220140102
2022,1,18/03/2022,St Kilda,Collingwood,CD_M20220140103
2022,1,19/03/2022,Geelong,Essendon,CD_M20220140104
2022,1,19/03/2022,Greater Western Sydney,Sydney,CD_M20220140105
2022,1,19/03/2022,Brisbane Lions,Port Adelaide,CD_M20220140106
2022,1,20/03/2022,Hawthorn,North Melbourne,CD_M20220140107
2022,1,20/03/2022,Adelaide,Fremantle,CD_M20220140108
2022,1,20/03/2022,West Coast,Gold Coast,CD_M20220140109
2022,2,24/03/2022,Western Bulldogs,Carlton,CD_M20220140201
2022,2,25/03/2022,Sydney,Geelong,CD_M20220140202
2022,2,26/03/2022,Collingwood,Adelaide,CD_M20220140203
2022,2,26/03/2022,Essendon,Brisbane Lions,CD_M20220140204
2022,2,26/03/2022,Port Adelaide,Hawthorn,CD_M20220140205
2022,2,26/03/2022,Gold Coast,Melbourne,CD_M20220140206
2022,2,27/03/2022,North Melbourne,West Coast,CD_M20220140207
2022,2,27/03/2022,Richmond,Greater Western Sydney,CD_M20220140208
2022,2,27/03/2022,Fremantle,St Kilda,CD_M20220140209
2022,3,31/03/2022,Western Bulldogs,Sydney,CD_M20220140301
2022,3,1/04/2022,Melbourne,Essendon,CD_M20220140302
2022,3,1/04/2022,Adelaide,Port Adelaide,CD_M20220140303
2022,3,2/04/2022,Greater Western Sydney,Gold Coast,CD_M20220140304
2022,3,2/04/2022,Collingwood,Geelong,CD_M20220140305
2022,3,2/04/2022,Brisbane Lions,North Melbourne,CD_M20220140306
2022,3,3/04/2022,Carlton,Hawthorn,CD_M20220140307
2022,3,3/04/2022,St Kilda,Richmond,CD_M20220140308
2022,3,3/04/2022,West Coast,Fremantle,CD_M20220140309
2022,4,7/04/2022,Port Adelaide,Melbourne,CD_M20220140401
2022,4,8/04/2022,Geelong,Brisbane Lions,CD_M20220140402
2022,4,9/04/2022,Sydney,North Melbourne,CD_M20220140403
2022,4,9/04/2022,Collingwood,West Coast,CD_M20220140404
2022,4,9/04/2022,Richmond,Western Bulldogs,CD_M20220140405
2022,4,9/04/2022,Fremantle,Greater Western Sydney,CD_M20220140406
2022,4,10/04/2022,Essendon,Adelaide,CD_M20220140407
2022,4,10/04/2022,Hawthorn,St Kilda,CD_M20220140408
2022,4,10/04/2022,Gold Coast,Carlton,CD_M20220140409
2022,5,14/04/2022,Brisbane Lions,Collingwood,CD_M20220140501
2022,5,15/04/2022,North Melbourne,Western Bulldogs,CD_M20220140502
2022,5,15/04/2022,West Coast,Sydney,CD_M20220140503
2022,5,16/04/2022,St Kilda,Gold Coast,CD_M20220140504
2022,5,16/04/2022,Adelaide,Richmond,CD_M20220140505
2022,5,16/04/2022,Melbourne,Greater Western Sydney,CD_M20220140506
2022,5,17/04/2022,Carlton,Port Adelaide,CD_M20220140507
2022,5,17/04/2022,Essendon,Fremantle,CD_M20220140508
2022,5,18/04/2022,Hawthorn,Geelong,CD_M20220140509
2022,6,22/04/2022,Greater Western Sydney,St Kilda,CD_M20220140601
2022,6,23/04/2022,Western Bulldogs,Adelaide,CD_M20220140602
2022,6,23/04/2022,Port Adelaide,West Coast,CD_M20220140603
2022,6,23/04/2022,Fremantle,Carlton,CD_M20220140604
2022,6,24/04/2022,North Melbourne,Geelong,CD_M20220140605
2022,6,24/04/2022,Gold Coast,Brisbane Lions,CD_M20220140606
2022,6,24/04/2022,Richmond,Melbourne,CD_M20220140607
2022,6,25/04/2022,Hawthorn,Sydney,CD_M20220140608
2022,6,25/04/2022,Essendon,Collingwood,CD_M20220140609
2022,7,29/04/2022,West Coast,Richmond,CD_M20220140701
2022,7,30/04/2022,Geelong,Fremantle,CD_M20220140702
2022,7,30/04/2022,Adelaide,Greater Western Sydney,CD_M20220140703
2022,7,30/04/2022,Melbourne,Hawthorn,CD_M20220140704
2022,7,30/04/2022,St Kilda,Port Adelaide,CD_M20220140705
2022,7,30/04/2022,Carlton,North Melbourne,CD_M20220140706
2022,7,1/05/2022,Collingwood,Gold Coast,CD_M20220140707
2022,7,1/05/2022,Western Bulldogs,Essendon,CD_M20220140708
2022,7,1/05/2022,Sydney,Brisbane Lions,CD_M20220140709
2022,8,6/05/2022,Port Adelaide,Western Bulldogs,CD_M20220140801
2022,8,6/05/2022,Fremantle,North Melbourne,CD_M20220140802
2022,8,7/05/2022,Richmond,Collingwood,CD_M20220140803
2022,8,7/05/2022,Sydney,Gold Coast,CD_M20220140804
2022,8,7/05/2022,Greater Western Sydney,Geelong,CD_M20220140805
2022,8,7/05/2022,Essendon,Hawthorn,CD_M20220140806
2022,8,7/05/2022,Brisbane Lions,West Coast,CD_M20220140807
2022,8,8/05/2022,Melbourne,St Kilda,CD_M20220140808
2022,8,8/05/2022,Carlton,Adelaide,CD_M20220140809
2022,9,13/05/2022,Collingwood,Western Bulldogs,CD_M20220140901
2022,9,14/05/2022,Hawthorn,Richmond,CD_M20220140902
2022,9,14/05/2022,North Melbourne,Port Adelaide,CD_M20220140903
2022,9,14/05/2022,St Kilda,Geelong,CD_M20220140904
2022,9,14/05/2022,Sydney,Essendon,CD_M20220140905
2022,9,14/05/2022,Adelaide,Brisbane Lions,CD_M20220140906
2022,9,15/05/2022,Gold Coast,Fremantle,CD_M20220140907
2022,9,15/05/2022,Greater Western Sydney,Carlton,CD_M20220140908
2022,9,15/05/2022,West Coast,Melbourne,CD_M20220140909
2022,10,20/05/2022,Carlton,Sydney,CD_M20220141002
2022,10,21/05/2022,Geelong,Port Adelaide,CD_M20220141004
2022,10,21/05/2022,Western Bulldogs,Gold Coast,CD_M20220141009
2022,10,21/05/2022,North Melbourne,Melbourne,CD_M20220141007
2022,10,21/05/2022,Adelaide,St Kilda,CD_M20220141001
2022,10,21/05/2022,Richmond,Essendon,CD_M20220141008
2022,10,22/05/2022,Greater Western Sydney,West Coast,CD_M20220141005
2022,10,22/05/2022,Hawthorn,Brisbane Lions,CD_M20220141006
2022,10,22/05/2022,Fremantle,Collingwood,CD_M20220141003
2022,11,27/05/2022,Sydney,Richmond,CD_M20220141108
2022,11,28/05/2022,Brisbane Lions,Greater Western Sydney,CD_M20220141101
2022,11,28/05/2022,Geelong,Adelaide,CD_M20220141103
2022,11,28/05/2022,Melbourne,Fremantle,CD_M20220141105
2022,11,28/05/2022,West Coast,Western Bulldogs,CD_M20220141109
2022,11,28/05/2022,Gold Coast,Hawthorn,CD_M20220141104
2022,11,29/05/2022,St Kilda,North Melbourne,CD_M20220141107
2022,11,29/05/2022,Collingwood,Carlton,CD_M20220141102
2022,11,29/05/2022,Port Adelaide,Essendon,CD_M20220141106
2022,12,3/06/2022,Western Bulldogs,Geelong,CD_M20220141206
2022,12,4/06/2022,Adelaide,West Coast,CD_M20220141201
2022,12,4/06/2022,Gold Coast,North Melbourne,CD_M20220141203
2022,12,4/06/2022,Melbourne,Sydney,CD_M20220141205
2022,12,5/06/2022,Hawthorn,Collingwood,CD_M20220141204
2022,12,5/06/2022,Fremantle,Brisbane Lions,CD_M20220141202
2022,13,9/06/2022,Richmond,Port Adelaide,CD_M20220141306
2022,13,10/06/2022,Essendon,Carlton,CD_M20220141303
2022,13,11/06/2022,Fremantle,Hawthorn,CD_M20220141304
2022,13,11/06/2022,Brisbane Lions,St Kilda,CD_M20220141301
2022,13,12/06/2022,North Melbourne,Greater Western Sydney,CD_M20220141305
2022,13,13/06/2022,Collingwood,Melbourne,CD_M20220141302
2022,14,16/06/2022,Richmond,Carlton,CD_M20220141404
2022,14,17/06/2022,St Kilda,Essendon,CD_M20220141405
2022,14,18/06/2022,Port Adelaide,Sydney,CD_M20220141403
2022,14,18/06/2022,West Coast,Geelong,CD_M20220141406
2022,14,18/06/2022,Greater Western Sydney,Western Bulldogs,CD_M20220141402
2022,14,19/06/2022,Gold Coast,Adelaide,CD_M20220141401
2022,15,23/06/2022,Melbourne,Brisbane Lions,CD_M20220141504
2022,15,24/06/2022,Western Bulldogs,Hawthorn,CD_M20220141509
2022,15,24/06/2022,West Coast,Essendon,CD_M20220141508
2022,15,25/06/2022,Carlton,Fremantle,CD_M20220141501
2022,15,25/06/2022,Geelong,Richmond,CD_M20220141503
2022,15,25/06/2022,Sydney,St Kilda,CD_M20220141507
2022,15,26/06/2022,North Melbourne,Adelaide,CD_M20220141505
2022,15,26/06/2022,Collingwood,Greater Western Sydney,CD_M20220141502
2022,15,26/06/2022,Port Adelaide,Gold Coast,CD_M20220141506
2022,16,30/06/2022,Brisbane Lions,Western Bulldogs,CD_M20220141602
2022,16,1/07/2022,Carlton,St Kilda,CD_M20220141603
2022,16,2/07/2022,Essendon,Sydney,CD_M20220141604
2022,16,2/07/2022,Adelaide,Melbourne,CD_M20220141601
2022,16,2/07/2022,Geelong,North Melbourne,CD_M20220141606
2022,16,2/07/2022,Gold Coast,Collingwood,CD_M20220141607
2022,16,3/07/2022,Richmond,West Coast,CD_M20220141609
2022,16,3/07/2022,Greater Western Sydney,Hawthorn,CD_M20220141608
2022,16,3/07/2022,Fremantle,Port Adelaide,CD_M20220141605
2022,17,7/07/2022,Geelong,Melbourne,CD_M20220141703
2022,17,8/07/2022,Sydney,Western Bulldogs,CD_M20220141708
2022,17,9/07/2022,Collingwood,North Melbourne,CD_M20220141702
2022,17,9/07/2022,Gold Coast,Richmond,CD_M20220141704
2022,17,9/07/2022,St Kilda,Fremantle,CD_M20220141707
2022,17,9/07/2022,Port Adelaide,Greater Western Sydney,CD_M20220141706
2022,17,10/07/2022,Brisbane Lions,Essendon,CD_M20220141701
2022,17,10/07/2022,Hawthorn,Adelaide,CD_M20220141705
2022,17,10/07/2022,West Coast,Carlton,CD_M20220141709
2022,18,15/07/2022,Western Bulldogs,St Kilda,CD_M20220141809
2022,18,16/07/2022,Adelaide,Collingwood,CD_M20220141801
2022,18,16/07/2022,Greater Western Sydney,Brisbane Lions,CD_M20220141805
2022,18,16/07/2022,North Melbourne,Richmond,CD_M20220141808
2022,18,16/07/2022,Carlton,Geelong,CD_M20220141802
2022,18,16/07/2022,Fremantle,Sydney,CD_M20220141804
2022,18,17/07/2022,Hawthorn,West Coast,CD_M20220141806
2022,18,17/07/2022,Melbourne,Port Adelaide,CD_M20220141807
2022,18,17/07/2022,Essendon,Gold Coast,CD_M20220141803
2022,19,22/07/2022,Richmond,Fremantle,CD_M20220141906
2022,19,23/07/2022,North Melbourne,Hawthorn,CD_M20220141904
2022,19,23/07/2022,Sydney,Adelaide,CD_M20220141907
2022,19,23/07/2022,Port Adelaide,Geelong,CD_M20220141905
2022,19,23/07/2022,Brisbane Lions,Gold Coast,CD_M20220141901
2022,19,23/07/2022,Western Bulldogs,Melbourne,CD_M20220141909
2022,19,24/07/2022,Carlton,Greater Western Sydney,CD_M20220141902
2022,19,24/07/2022,Collingwood,Essendon,CD_M20220141903
2022,19,24/07/2022,West Coast,St Kilda,CD_M20220141908
2022,20,29/07/2022,Fremantle,Melbourne,CD_M20220142004
2022,20,30/07/2022,Collingwood,Port Adelaide,CD_M20220142002
2022,20,30/07/2022,Sydney,Greater Western Sydney,CD_M20220142009
2022,20,30/07/2022,St Kilda,Hawthorn,CD_M20220142008
2022,20,30/07/2022,Geelong,Western Bulldogs,CD_M20220142005
2022,20,30/07/2022,Adelaide,Carlton,CD_M20220142001
2022,20,31/07/2022,Gold Coast,West Coast,CD_M20220142006
2022,20,31/07/2022,Richmond,Brisbane Lions,CD_M20220142007
2022,20,31/07/2022,Essendon,North Melbourne,CD_M20220142003
2022,21,5/08/2022,Melbourne,Collingwood,CD_M20220142105
2022,21,6/08/2022,Hawthorn,Gold Coast,CD_M20220142104
2022,21,6/08/2022,Greater Western Sydney,Essendon,CD_M20220142103
2022,21,6/08/2022,Western Bulldogs,Fremantle,CD_M20220142109
2022,21,6/08/2022,Geelong,St Kilda,CD_M20220142102
2022,21,6/08/2022,Port Adelaide,Richmond,CD_M20220142107
2022,21,7/08/2022,North Melbourne,Sydney,CD_M20220142106
2022,21,7/08/2022,Brisbane Lions,Carlton,CD_M20220142101
2022,21,7/08/2022,West Coast,Adelaide,CD_M20220142108
2022,22,12/08/2022,St Kilda,Brisbane Lions,CD_M20220142207
2022,22,13/08/2022,Western Bulldogs,Greater Western Sydney,CD_M20220142209
2022,22,13/08/2022,Adelaide,North Melbourne,CD_M20220142201
2022,22,13/08/2022,Gold Coast,Geelong,CD_M20220142204
2022,22,13/08/2022,Melbourne,Carlton,CD_M20220142205
2022,22,13/08/2022,Fremantle,West Coast,CD_M20220142203
2022,22,14/08/2022,Richmond,Hawthorn,CD_M20220142206
2022,22,14/08/2022,Sydney,Collingwood,CD_M20220142208
2022,22,14/08/2022,Essendon,Port Adelaide,CD_M20220142202
2022,23,19/08/2022,Brisbane Lions,Melbourne,CD_M20220142301
2022,23,20/08/2022,Greater Western Sydney,Fremantle,CD_M20220142305
2022,23,20/08/2022,North Melbourne,Gold Coast,CD_M20220142307
2022,23,20/08/2022,Geelong,West Coast,CD_M20220142304
2022,23,20/08/2022,Essendon,Richmond,CD_M20220142303
2022,23,20/08/2022,Port Adelaide,Adelaide,CD_M20220142308
2022,23,21/08/2022,Hawthorn,Western Bulldogs,CD_M20220142306
2022,23,21/08/2022,Carlton,Collingwood,CD_M20220142302
2022,23,21/08/2022,St Kilda,Sydney,CD_M20220142309
2022,EF,1/09/2022,Brisbane Lions,Richmond,CD_M20220142401
2022,QF,2/09/2022,Melbourne,Sydney,CD_M20220142402
2022,QF,3/09/2022,Geelong,Collingwood,CD_M20220142403
2022,EF,3/09/2022,Fremantle,Western Bulldogs,CD_M20220142404
2022,SF,9/09/2022,Melbourne,Brisbane Lions,CD_M20220142501
2022,SF,10/09/2022,Collingwood,Fremantle,CD_M20220142502
2022,PF,16/09/2022,Geelong,Brisbane Lions,CD_M20220142601
2022,PF,17/09/2022,Sydney,Collingwood,CD_M20220142602
2022,GF,24/09/2022,Geelong,Sydney,CD_M20220142701
2023,1,16/03/2023,Richmond,Carlton,CD_M20230140101
2023,1,17/03/2023,Geelong,Collingwood,CD_M20230140102
2023,1,18/03/2023,North Melbourne,West Coast,CD_M20230140103
2023,1,18/03/2023,Port Adelaide,Brisbane Lions,CD_M20230140104
2023,1,18/03/2023,Melbourne,Western Bulldogs,CD_M20230140105
2023,1,18/03/2023,Gold Coast,Sydney,CD_M20230140106
2023,1,19/03/2023,Greater Western Sydney,Adelaide,CD_M20230140107
2023,1,19/03/2023,Hawthorn,Essendon,CD_M20230140108
2023,1,19/03/2023,St Kilda,Fremantle,CD_M20230140109
2023,2,23/03/2023,Carlton,Geelong,CD_M20230140201
2023,2,24/03/2023,Brisbane Lions,Melbourne,CD_M20230140202
2023,2,25/03/2023,Collingwood,Port Adelaide,CD_M20230140203
2023,2,25/03/2023,Adelaide,Richmond,CD_M20230140204
2023,2,25/03/2023,Western Bulldogs,St Kilda,CD_M20230140205
2023,2,25/03/2023,Fremantle,North Melbourne,CD_M20230140206
2023,2,26/03/2023,Sydney,Hawthorn,CD_M20230140207
2023,2,26/03/2023,Essendon,Gold Coast,CD_M20230140208
2023,2,26/03/2023,West Coast,Greater Western Sydney,CD_M20230140209
2023,3,30/03/2023,Western Bulldogs,Brisbane Lions,CD_M20230140301
2023,3,31/03/2023,Collingwood,Richmond,CD_M20230140302
2023,3,1/04/2023,Hawthorn,North Melbourne,CD_M20230140303
2023,3,1/04/2023,Greater Western Sydney,Carlton,CD_M20230140304
2023,3,1/04/2023,St Kilda,Essendon,CD_M20230140305
2023,3,1/04/2023,Port Adelaide,Adelaide,CD_M20230140306
2023,3,2/04/2023,Gold Coast,Geelong,CD_M20230140307
2023,3,2/04/2023,Melbourne,Sydney,CD_M20230140308
2023,3,2/04/2023,Fremantle,West Coast,CD_M20230140309
2023,4,6/04/2023,Brisbane Lions,Collingwood,CD_M20230140401
2023,4,7/04/2023,North Melbourne,Carlton,CD_M20230140402
2023,4,8/04/2023,Adelaide,Fremantle,CD_M20230140403
2023,4,8/04/2023,Richmond,Western Bulldogs,CD_M20230140404
2023,4,8/04/2023,St Kilda,Gold Coast,CD_M20230140405
2023,4,8/04/2023,Sydney,Port Adelaide,CD_M20230140406
2023,4,9/04/2023,Essendon,Greater Western Sydney,CD_M20230140407
2023,4,9/04/2023,West Coast,Melbourne,CD_M20230140408
2023,4,10/04/2023,Geelong,Hawthorn,CD_M20230140409
2023,5,13/04/2023,Adelaide,Carlton,CD_M20230140501
2023,5,14/04/2023,Fremantle,Gold Coast,CD_M20230140502
2023,5,14/04/2023,Richmond,Sydney,CD_M20230140503
2023,5,15/04/2023,Brisbane Lions,North Melbourne,CD_M20230140504
2023,5,15/04/2023,Essendon,Melbourne,CD_M20230140505
2023,5,15/04/2023,Port Adelaide,Western Bulldogs,CD_M20230140506
2023,5,16/04/2023,Geelong,West Coast,CD_M20230140507
2023,5,16/04/2023,Greater Western Sydney,Hawthorn,CD_M20230140508
2023,5,16/04/2023,Collingwood,St Kilda,CD_M20230140509
2023,6,21/04/2023,Fremantle,Western Bulldogs,CD_M20230140601
2023,6,22/04/2023,Port Adelaide,West Coast,CD_M20230140602
2023,6,22/04/2023,Greater Western Sydney,Brisbane Lions,CD_M20230140603
2023,6,22/04/2023,Geelong,Sydney,CD_M20230140604
2023,6,23/04/2023,Hawthorn,Adelaide,CD_M20230140605
2023,6,23/04/2023,Carlton,St Kilda,CD_M20230140606
2023,6,23/04/2023,Gold Coast,North Melbourne,CD_M20230140607
2023,6,24/04/2023,Melbourne,Richmond,CD_M20230140608
2023,6,25/04/2023,Collingwood,Essendon,CD_M20230140609
2023,7,28/04/2023,St Kilda,Port Adelaide,CD_M20230140701
2023,7,29/04/2023,Brisbane Lions,Fremantle,CD_M20230140702
2023,7,29/04/2023,Sydney,Greater Western Sydney,CD_M20230140703
2023,7,29/04/2023,Western Bulldogs,Hawthorn,CD_M20230140704
2023,7,29/04/2023,Melbourne,North Melbourne,CD_M20230140705
2023,7,29/04/2023,West Coast,Carlton,CD_M20230140706
2023,7,30/04/2023,Essendon,Geelong,CD_M20230140707
2023,7,30/04/2023,Richmond,Gold Coast,CD_M20230140708
2023,7,30/04/2023,Adelaide,Collingwood,CD_M20230140709
2023,8,5/05/2023,Carlton,Brisbane Lions,CD_M20230140801
2023,8,6/05/2023,Richmond,West Coast,CD_M20230140802
2023,8,6/05/2023,Geelong,Adelaide,CD_M20230140803
2023,8,6/05/2023,Gold Coast,Melbourne,CD_M20230140804
2023,8,6/05/2023,Greater Western Sydney,Western Bulldogs,CD_M20230140805
2023,8,6/05/2023,Fremantle,Hawthorn,CD_M20230140806
2023,8,7/05/2023,Port Adelaide,Essendon,CD_M20230140807
2023,8,7/05/2023,Collingwood,Sydney,CD_M20230140808
2023,8,7/05/2023,North Melbourne,St Kilda,CD_M20230140809
2023,9,12/05/2023,Richmond,Geelong,CD_M20230140901
2023,9,12/05/2023,West Coast,Gold Coast,CD_M20230140902
2023,9,13/05/2023,Sydney,Fremantle,CD_M20230140903
2023,9,13/05/2023,North Melbourne,Port Adelaide,CD_M20230140904
2023,9,13/05/2023,Hawthorn,Melbourne,CD_M20230140905
2023,9,13/05/2023,Brisbane Lions,Essendon,CD_M20230140906
2023,9,13/05/2023,Carlton,Western Bulldogs,CD_M20230140907
2023,9,14/05/2023,Adelaide,St Kilda,CD_M20230140908
2023,9,14/05/2023,Collingwood,Greater Western Sydney,CD_M20230140909
2023,10,19/05/2023,Port Adelaide,Melbourne,CD_M20230141001
2023,10,20/05/2023,North Melbourne,Sydney,CD_M20230141002
2023,10,20/05/2023,Western Bulldogs,Adelaide,CD_M20230141003
2023,10,20/05/2023,Fremantle,Geelong,CD_M20230141004
2023,10,20/05/2023,Brisbane Lions,Gold Coast,CD_M20230141005
2023,10,20/05/2023,Essendon,Richmond,CD_M20230141006
2023,10,21/05/2023,Hawthorn,West Coast,CD_M20230141007
2023,10,21/05/2023,Carlton,Collingwood,CD_M20230141008
2023,10,21/05/2023,Greater Western Sydney,St Kilda,CD_M20230141009
2023,11,26/05/2023,Sydney,Carlton,CD_M20230141101
2023,11,27/05/2023,St Kilda,Hawthorn,CD_M20230141102
2023,11,27/05/2023,Melbourne,Fremantle,CD_M20230141103
2023,11,27/05/2023,Geelong,Greater Western Sydney,CD_M20230141104
2023,11,27/05/2023,Gold Coast,Western Bulldogs,CD_M20230141105
2023,11,27/05/2023,West Coast,Essendon,CD_M20230141106
2023,11,28/05/2023,Richmond,Port Adelaide,CD_M20230141107
2023,11,28/05/2023,Collingwood,North Melbourne,CD_M20230141108
2023,11,28/05/2023,Adelaide,Brisbane Lions,CD_M20230141109
2023,12,2/06/2023,Melbourne,Carlton,CD_M20230141201
2023,12,3/06/2023,Port Adelaide,Hawthorn,CD_M20230141202
2023,12,3/06/2023,West Coast,Collingwood,CD_M20230141203
2023,12,3/06/2023,Western Bulldogs,Geelong,CD_M20230141204
2023,12,3/06/2023,Gold Coast,Adelaide,CD_M20230141205
2023,12,4/06/2023,Greater Western Sydney,Richmond,CD_M20230141206
2023,12,4/06/2023,Essendon,North Melbourne,CD_M20230141207
2023,13,8/06/2023,Sydney,St Kilda,CD_M20230141301
2023,13,9/06/2023,Western Bulldogs,Port Adelaide,CD_M20230141302
2023,13,10/06/2023,Hawthorn,Brisbane Lions,CD_M20230141303
2023,13,10/06/2023,Adelaide,West Coast,CD_M20230141304
2023,13,10/06/2023,Fremantle,Richmond,CD_M20230141305
2023,13,11/06/2023,North Melbourne,Greater Western Sydney,CD_M20230141306
2023,13,11/06/2023,Carlton,Essendon,CD_M20230141307
2023,13,12/06/2023,Melbourne,Collingwood,CD_M20230141308
2023,14,15/06/2023,Port Adelaide,Geelong,CD_M20230141401
2023,14,16/06/2023,Brisbane Lions,Sydney,CD_M20230141402
2023,14,17/06/2023,Greater Western Sydney,Fremantle,CD_M20230141403
2023,14,17/06/2023,Richmond,St Kilda,CD_M20230141404
2023,14,18/06/2023,Carlton,Gold Coast,CD_M20230141405
2023,14,18/06/2023,North Melbourne,Western Bulldogs,CD_M20230141406
2023,15,22/06/2023,Geelong,Melbourne,CD_M20230141501
2023,15,23/06/2023,St Kilda,Brisbane Lions,CD_M20230141502
2023,15,24/06/2023,Sydney,West Coast,CD_M20230141503
2023,15,24/06/2023,Fremantle,Essendon,CD_M20230141504
2023,15,25/06/2023,Collingwood,Adelaide,CD_M20230141505
2023,15,25/06/2023,Gold Coast,Hawthorn,CD_M20230141506
2023,16,29/06/2023,Brisbane Lions,Richmond,CD_M20230141602
2023,16,30/06/2023,Sydney,Geelong,CD_M20230141607
2023,16,1/07/2023,Adelaide,North Melbourne,CD_M20230141601
2023,16,1/07/2023,Western Bulldogs,Fremantle,CD_M20230141609
2023,16,1/07/2023,Gold Coast,Collingwood,CD_M20230141604
2023,16,1/07/2023,Essendon,Port Adelaide,CD_M20230141603
2023,16,2/07/2023,Hawthorn,Carlton,CD_M20230141605
2023,16,2/07/2023,Melbourne,Greater Western Sydney,CD_M20230141606
2023,16,2/07/2023,West Coast,St Kilda,CD_M20230141608
2023,17,6/07/2023,Richmond,Sydney,CD_M20230141707
2023,17,7/07/2023,Western Bulldogs,Collingwood,CD_M20230141709
2023,17,8/07/2023,Brisbane Lions,West Coast,CD_M20230141701
2023,17,8/07/2023,Greater Western Sydney,Hawthorn,CD_M20230141705
2023,17,8/07/2023,St Kilda,Melbourne,CD_M20230141708
2023,17,8/07/2023,Port Adelaide,Gold Coast,CD_M20230141706
2023,17,9/07/2023,Geelong,North Melbourne,CD_M20230141704
2023,17,9/07/2023,Essendon,Adelaide,CD_M20230141702
2023,17,9/07/2023,Fremantle,Carlton,CD_M20230141703
2023,18,13/07/2023,Sydney,Western Bulldogs,CD_M20230141808
2023,18,14/07/2023,Melbourne,Brisbane Lions,CD_M20230141806
2023,18,15/07/2023,Collingwood,Fremantle,CD_M20230141803
2023,18,15/07/2023,Gold Coast,St Kilda,CD_M20230141805
2023,18,15/07/2023,Carlton,Port Adelaide,CD_M20230141802
2023,18,15/07/2023,Geelong,Essendon,CD_M20230141804
2023,18,15/07/2023,Adelaide,Greater Western Sydney,CD_M20230141801
2023,18,16/07/2023,North Melbourne,Hawthorn,CD_M20230141807
2023,18,16/07/2023,West Coast,Richmond,CD_M20230141809
2023,19,21/07/2023,Essendon,Western Bulldogs,CD_M20230141903
2023,19,22/07/2023,Richmond,Hawthorn,CD_M20230141908
2023,19,22/07/2023,Carlton,West Coast,CD_M20230141902
2023,19,22/07/2023,Brisbane Lions,Geelong,CD_M20230141901
2023,19,22/07/2023,Fremantle,Sydney,CD_M20230141904
2023,19,22/07/2023,Port Adelaide,Collingwood,CD_M20230141907
2023,19,23/07/2023,Greater Western Sydney,Gold Coast,CD_M20230141905
2023,19,23/07/2023,Melbourne,Adelaide,CD_M20230141906
2023,19,23/07/2023,St Kilda,North Melbourne,CD_M20230141909
2023,20,28/07/2023,Collingwood,Carlton,CD_M20230142002
2023,20,29/07/2023,Geelong,Fremantle,CD_M20230142004
2023,20,29/07/2023,Western Bulldogs,Greater Western Sydney,CD_M20230142009
2023,20,29/07/2023,Gold Coast,Brisbane Lions,CD_M20230142005
2023,20,29/07/2023,Essendon,Sydney,CD_M20230142003
2023,20,29/07/2023,Adelaide,Port Adelaide,CD_M20230142001
2023,20,30/07/2023,Hawthorn,St Kilda,CD_M20230142006
2023,20,30/07/2023,Richmond,Melbourne,CD_M20230142007
2023,20,30/07/2023,West Coast,North Melbourne,CD_M20230142008
2023,21,4/08/2023,Western Bulldogs,Richmond,CD_M20230142109
2023,21,5/08/2023,Essendon,West Coast,CD_M20230142102
2023,21,5/08/2023,Adelaide,Gold Coast,CD_M20230142101
2023,21,5/08/2023,Hawthorn,Collingwood,CD_M20230142106
2023,21,5/08/2023,Geelong,Port Adelaide,CD_M20230142104
2023,21,5/08/2023,Greater Western Sydney,Sydney,CD_M20230142105
2023,21,6/08/2023,North Melbourne,Melbourne,CD_M20230142107
2023,21,6/08/2023,St Kilda,Carlton,CD_M20230142108
2023,21,6/08/2023,Fremantle,Brisbane Lions,CD_M20230142103
2023,22,11/08/2023,Collingwood,Geelong,CD_M20230142203
2023,22,12/08/2023,North Melbourne,Essendon,CD_M20230142205
2023,22,12/08/2023,Sydney,Gold Coast,CD_M20230142208
2023,22,12/08/2023,Brisbane Lions,Adelaide,CD_M20230142202
2023,22,12/08/2023,Carlton,Melbourne,CD_M20230142201
2023,22,12/08/2023,West Coast,Fremantle,CD_M20230142209
2023,22,13/08/2023,Hawthorn,Western Bulldogs,CD_M20230142204
2023,22,13/08/2023,St Kilda,Richmond,CD_M20230142207
2023,22,13/08/2023,Port Adelaide,Greater Western Sydney,CD_M20230142206
2023,23,18/08/2023,Collingwood,Brisbane Lions,CD_M20230142302
2023,23,19/08/2023,Richmond,North Melbourne,CD_M20230142307
2023,23,19/08/2023,Gold Coast,Carlton,CD_M20230142304
2023,23,19/08/2023,Greater Western Sydney,Essendon,CD_M20230142305
2023,23,19/08/2023,St Kilda,Geelong,CD_M20230142308
2023,23,19/08/2023,Adelaide,Sydney,CD_M20230142301
2023,23,20/08/2023,Western Bulldogs,West Coast,CD_M20230142309
2023,23,20/08/2023,Melbourne,Hawthorn,CD_M20230142306
2023,23,20/08/2023,Fremantle,Port Adelaide,CD_M20230142303
2023,24,25/08/2023,Essendon,Collingwood,CD_M20230142403
2023,24,26/08/2023,Hawthorn,Fremantle,CD_M20230142405
2023,24,26/08/2023,North Melbourne,Gold Coast,CD_M20230142406
2023,24,26/08/2023,Brisbane Lions,St Kilda,CD_M20230142401
2023,24,26/08/2023,Geelong,Western Bulldogs,CD_M20230142404
2023,24,26/08/2023,West Coast,Adelaide,CD_M20230142409
2023,24,27/08/2023,Port Adelaide,Richmond,CD_M20230142407
2023,24,27/08/2023,Sydney,Melbourne,CD_M20230142408
2023,24,27/08/2023,Carlton,Greater Western Sydney,CD_M20230142402
2023,QF,7/09/2023,Collingwood,Melbourne,CD_M20230142501
2023,EF,8/09/2023,Carlton,Sydney,CD_M20230142502
2023,EF,9/09/2023,St Kilda,Greater Western Sydney,CD_M20230142503
2023,QF,9/09/2023,Brisbane Lions,Port Adelaide,CD_M20230142504
2023,SF,15/09/2023,Melbourne,Carlton,CD_M20230142601
2023,SF,16/09/2023,Port Adelaide,Greater Western Sydney,CD_M20230142602
2023,PF,22/09/2023,Collingwood,Greater Western Sydney,CD_M20230142701
2023,PF,23/09/2023,Brisbane Lions,Carlton,CD_M20230142702
2023,GF,30/09/2023,Collingwood,Brisbane Lions,CD_M20230142801
2024,1,7/03/2024,Sydney,Melbourne,CD_M20240140001
2024,1,8/03/2024,Brisbane Lions,Carlton,CD_M20240140002
2024,1,9/03/2024,Gold Coast,Richmond,CD_M20240140003
2024,1,9/03/2024,Greater Western Sydney,Collingwood,CD_M20240140004
2024,2,14/03/2024,Carlton,Richmond,CD_M20240140101
2024,2,15/03/2024,Collingwood,Sydney,CD_M20240140102
2024,2,16/03/2024,Essendon,Hawthorn,CD_M20240140103
2024,2,16/03/2024,Greater Western Sydney,North Melbourne,CD_M20240140104
2024,2,16/03/2024,Geelong,St Kilda,CD_M20240140105
2024,2,16/03/2024,Gold Coast,Adelaide,CD_M20240140106
2024,2,17/03/2024,Melbourne,Western Bulldogs,CD_M20240140107
2024,2,17/03/2024,Port Adelaide,West Coast,CD_M20240140108
2024,2,17/03/2024,Fremantle,Brisbane Lions,CD_M20240140109
2024,3,21/03/2024,St Kilda,Collingwood,CD_M20240140201
2024,3,22/03/2024,Adelaide,Geelong,CD_M20240140202
2024,3,23/03/2024,North Melbourne,Fremantle,CD_M20240140203
2024,3,23/03/2024,Hawthorn,Melbourne,CD_M20240140204
2024,3,23/03/2024,Sydney,Essendon,CD_M20240140205
2024,3,24/03/2024,Western Bulldogs,Gold Coast,CD_M20240140206
2024,3,24/03/2024,Richmond,Port Adelaide,CD_M20240140207
2024,3,24/03/2024,West Coast,Greater Western Sydney,CD_M20240140208
2024,4,28/03/2024,Brisbane Lions,Collingwood,CD_M20240140301
2024,4,29/03/2024,North Melbourne,Carlton,CD_M20240140302
2024,4,29/03/2024,Fremantle,Adelaide,CD_M20240140303
2024,4,30/03/2024,Essendon,St Kilda,CD_M20240140304
2024,4,30/03/2024,Port Adelaide,Melbourne,CD_M20240140305
2024,4,31/03/2024,Western Bulldogs,West Coast,CD_M20240140306
2024,4,31/03/2024,Richmond,Sydney,CD_M20240140307
2024,4,1/04/2024,Hawthorn,Geelong,CD_M20240140308
2024,5,4/04/2024,Adelaide,Melbourne,CD_M20240140401
2024,5,5/04/2024,Brisbane Lions,North Melbourne,CD_M20240140402
2024,5,5/04/2024,Port Adelaide,Essendon,CD_M20240140403
2024,5,6/04/2024,West Coast,Sydney,CD_M20240140404
2024,5,6/04/2024,Fremantle,Carlton,CD_M20240140405
2024,5,6/04/2024,Western Bulldogs,Geelong,CD_M20240140406
2024,5,7/04/2024,Gold Coast,Greater Western Sydney,CD_M20240140407
2024,5,7/04/2024,Richmond,St Kilda,CD_M20240140408
2024,5,7/04/2024,Collingwood,Hawthorn,CD_M20240140409
2024,6,11/04/2024,Melbourne,Brisbane Lions,CD_M20240140501
2024,6,12/04/2024,Western Bulldogs,Essendon,CD_M20240140502
2024,6,13/04/2024,Greater Western Sydney,St Kilda,CD_M20240140503
2024,6,13/04/2024,Carlton,Adelaide,CD_M20240140504
2024,6,13/04/2024,Gold Coast,Hawthorn,CD_M20240140505
2024,6,13/04/2024,Port Adelaide,Fremantle,CD_M20240140506
2024,6,14/04/2024,Geelong,North Melbourne,CD_M20240140507
2024,6,14/04/2024,West Coast,Richmond,CD_M20240140508
2024,7,18/04/2024,St Kilda,Western Bulldogs,CD_M20240140601
2024,7,19/04/2024,Adelaide,Essendon,CD_M20240140602
2024,7,20/04/2024,Collingwood,Port Adelaide,CD_M20240140603
2024,7,20/04/2024,Carlton,Greater Western Sydney,CD_M20240140604
2024,7,20/04/2024,Brisbane Lions,Geelong,CD_M20240140605
2024,7,20/04/2024,West Coast,Fremantle,CD_M20240140606
2024,7,21/04/2024,Sydney,Gold Coast,CD_M20240140607
2024,7,21/04/2024,North Melbourne,Hawthorn,CD_M20240140608
2024,8,24/04/2024,Richmond,Melbourne,CD_M20240140701
2024,8,25/04/2024,Essendon,Collingwood,CD_M20240140702
2024,8,25/04/2024,Greater Western Sydney,Brisbane Lions,CD_M20240140703
2024,8,26/04/2024,Port Adelaide,St Kilda,CD_M20240140704
2024,8,27/04/2024,North Melbourne,Adelaide,CD_M20240140705
2024,8,27/04/2024,Geelong,Carlton,CD_M20240140706
2024,8,27/04/2024,Fremantle,Western Bulldogs,CD_M20240140707
2024,8,28/04/2024,Gold Coast,West Coast,CD_M20240140708
2024,8,28/04/2024,Hawthorn,Sydney,CD_M20240140709
2024,9,2/05/2024,Adelaide,Port Adelaide,CD_M20240140801
2024,9,3/05/2024,Carlton,Collingwood,CD_M20240140802
2024,9,4/05/2024,Sydney,Greater Western Sydney,CD_M20240140803
2024,9,4/05/2024,St Kilda,North Melbourne,CD_M20240140804
2024,9,4/05/2024,Melbourne,Geelong,CD_M20240140805
2024,9,4/05/2024,West Coast,Essendon,CD_M20240140806
2024,9,5/05/2024,Richmond,Fremantle,CD_M20240140807
2024,9,5/05/2024,Western Bulldogs,Hawthorn,CD_M20240140808
2024,9,5/05/2024,Brisbane Lions,Gold Coast,CD_M20240140809
2024,10,9/05/2024,Carlton,Melbourne,CD_M20240140901
2024,10,10/05/2024,Geelong,Port Adelaide,CD_M20240140902
2024,10,10/05/2024,Fremantle,Sydney,CD_M20240140903
2024,10,11/05/2024,Hawthorn,St Kilda,CD_M20240140904
2024,10,11/05/2024,Essendon,Greater Western Sydney,CD_M20240140905
2024,10,11/05/2024,Richmond,Western Bulldogs,CD_M20240140906
2024,10,11/05/2024,Gold Coast,North Melbourne,CD_M20240140907
2024,10,12/05/2024,Collingwood,West Coast,CD_M20240140908
2024,10,12/05/2024,Adelaide,Brisbane Lions,CD_M20240140909
2024,11,16/05/2024,Gold Coast,Geelong,CD_M20240141001
2024,11,17/05/2024,Sydney,Carlton,CD_M20240141002
2024,11,18/05/2024,Collingwood,Adelaide,CD_M20240141003
2024,11,18/05/2024,Greater Western Sydney,Western Bulldogs,CD_M20240141004
2024,11,18/05/2024,St Kilda,Fremantle,CD_M20240141005
2024,11,18/05/2024,Brisbane Lions,Richmond,CD_M20240141006
2024,11,19/05/2024,Essendon,North Melbourne,CD_M20240141007
2024,11,19/05/2024,Port Adelaide,Hawthorn,CD_M20240141008
2024,11,19/05/2024,West Coast,Melbourne,CD_M20240141009
2024,12,23/05/2024,Western Bulldogs,Sydney,CD_M20240141101
2024,12,24/05/2024,Fremantle,Collingwood,CD_M20240141102
2024,12,25/05/2024,North Melbourne,Port Adelaide,CD_M20240141103
2024,12,25/05/2024,Carlton,Gold Coast,CD_M20240141104
2024,12,25/05/2024,Geelong,Greater Western Sydney,CD_M20240141105
2024,12,25/05/2024,Richmond,Essendon,CD_M20240141106
2024,12,26/05/2024,Hawthorn,Brisbane Lions,CD_M20240141107
2024,12,26/05/2024,Melbourne,St Kilda,CD_M20240141108
2024,12,26/05/2024,Adelaide,West Coast,CD_M20240141109
2024,13,30/05/2024,Port Adelaide,Carlton,CD_M20240141201
2024,13,31/05/2024,Collingwood,Western Bulldogs,CD_M20240141202
2024,13,1/06/2024,Hawthorn,Adelaide,CD_M20240141203
2024,13,1/06/2024,West Coast,St Kilda,CD_M20240141204
2024,13,1/06/2024,Geelong,Richmond,CD_M20240141205
2024,13,2/06/2024,Melbourne,Fremantle,CD_M20240141206
2024,13,2/06/2024,Gold Coast,Essendon,CD_M20240141207
2024,14,6/06/2024,Adelaide,Richmond,CD_M20240141301
2024,14,7/06/2024,Western Bulldogs,Brisbane Lions,CD_M20240141302
2024,14,8/06/2024,Hawthorn,Greater Western Sydney,CD_M20240141303
2024,14,8/06/2024,West Coast,North Melbourne,CD_M20240141304
2024,14,8/06/2024,St Kilda,Gold Coast,CD_M20240141305
2024,14,9/06/2024,Sydney,Geelong,CD_M20240141306
2024,14,9/06/2024,Essendon,Carlton,CD_M20240141307
2024,14,10/06/2024,Collingwood,Melbourne,CD_M20240141308
2024,15,14/06/2024,Brisbane Lions,St Kilda,CD_M20240141401
2024,15,15/06/2024,Western Bulldogs,Fremantle,CD_M20240141402
2024,15,15/06/2024,Richmond,Hawthorn,CD_M20240141403
2024,15,15/06/2024,Adelaide,Sydney,CD_M20240141404
2024,15,16/06/2024,North Melbourne,Collingwood,CD_M20240141405
2024,15,16/06/2024,Greater Western Sydney,Port Adelaide,CD_M20240141406
2024,16,21/06/2024,Carlton,Geelong,CD_M20240141501
2024,16,22/06/2024,Port Adelaide,Brisbane Lions,CD_M20240141502
2024,16,22/06/2024,Greater Western Sydney,Sydney,CD_M20240141503
2024,16,22/06/2024,Melbourne,North Melbourne,CD_M20240141504
2024,16,23/06/2024,Essendon,West Coast,CD_M20240141505
2024,16,23/06/2024,Fremantle,Gold Coast,CD_M20240141506
2024,17,28/06/2024,Brisbane Lions,Melbourne,CD_M20240141602
2024,17,29/06/2024,North Melbourne,Western Bulldogs,CD_M20240141605
2024,17,29/06/2024,Sydney,Fremantle,CD_M20240141608
2024,17,29/06/2024,Gold Coast,Collingwood,CD_M20240141604
2024,17,29/06/2024,Adelaide,Greater Western Sydney,CD_M20240141601
2024,17,29/06/2024,Geelong,Essendon,CD_M20240141603
2024,17,30/06/2024,St Kilda,Port Adelaide,CD_M20240141607
2024,17,30/06/2024,Richmond,Carlton,CD_M20240141606
2024,17,30/06/2024,West Coast,Hawthorn,CD_M20240141609
2024,18,5/07/2024,Collingwood,Essendon,CD_M20240141702
2024,18,6/07/2024,North Melbourne,Gold Coast,CD_M20240141707
2024,18,6/07/2024,Port Adelaide,Western Bulldogs,CD_M20240141708
2024,18,6/07/2024,Geelong,Hawthorn,CD_M20240141704
2024,18,6/07/2024,Greater Western Sydney,Carlton,CD_M20240141705
2024,18,6/07/2024,Fremantle,Richmond,CD_M20240141703
2024,18,7/07/2024,Melbourne,West Coast,CD_M20240141706
2024,18,7/07/2024,St Kilda,Sydney,CD_M20240141709
2024,18,7/07/2024,Brisbane Lions,Adelaide,CD_M20240141701
2024,19,12/07/2024,Collingwood,Geelong,CD_M20240141802
2024,19,13/07/2024,Hawthorn,Fremantle,CD_M20240141804
2024,19,13/07/2024,Sydney,North Melbourne,CD_M20240141807
2024,19,13/07/2024,Western Bulldogs,Carlton,CD_M20240141809
2024,19,13/07/2024,Adelaide,St Kilda,CD_M20240141801
2024,19,13/07/2024,Melbourne,Essendon,CD_M20240141805
2024,19,14/07/2024,Gold Coast,Port Adelaide,CD_M20240141803
2024,19,14/07/2024,Richmond,Greater Western Sydney,CD_M20240141806
2024,19,14/07/2024,West Coast,Brisbane Lions,CD_M20240141808
2024,20,19/07/2024,Essendon,Adelaide,CD_M20240141903
2024,20,20/07/2024,Greater Western Sydney,Gold Coast,CD_M20240141906
2024,20,20/07/2024,St Kilda,West Coast,CD_M20240141909
2024,20,20/07/2024,Hawthorn,Collingwood,CD_M20240141907
2024,20,20/07/2024,Geelong,Western Bulldogs,CD_M20240141905
2024,20,20/07/2024,Port Adelaide,Richmond,CD_M20240141908
2024,20,21/07/2024,Brisbane Lions,Sydney,CD_M20240141901
2024,20,21/07/2024,Fremantle,Melbourne,CD_M20240141904
2024,20,21/07/2024,Carlton,North Melbourne,CD_M20240141902
2024,21,26/07/2024,Carlton,Port Adelaide,CD_M20240142002
2024,21,27/07/2024,North Melbourne,Geelong,CD_M20240142007
2024,21,27/07/2024,Gold Coast,Brisbane Lions,CD_M20240142005
2024,21,27/07/2024,St Kilda,Essendon,CD_M20240142008
2024,21,27/07/2024,Melbourne,Greater Western Sydney,CD_M20240142006
2024,21,27/07/2024,Fremantle,West Coast,CD_M20240142004
2024,21,28/07/2024,Collingwood,Richmond,CD_M20240142003
2024,21,28/07/2024,Sydney,Western Bulldogs,CD_M20240142009
2024,21,28/07/2024,Adelaide,Hawthorn,CD_M20240142001
2024,22,2/08/2024,Western Bulldogs,Melbourne,CD_M20240142109
2024,22,2/08/2024,West Coast,Gold Coast,CD_M20240142108
2024,22,3/08/2024,North Melbourne,Richmond,CD_M20240142105
2024,22,3/08/2024,Geelong,Adelaide,CD_M20240142103
2024,22,3/08/2024,Collingwood,Carlton,CD_M20240142101
2024,22,3/08/2024,Port Adelaide,Sydney,CD_M20240142106
2024,22,4/08/2024,Greater Western Sydney,Hawthorn,CD_M20240142104
2024,22,4/08/2024,Essendon,Fremantle,CD_M20240142102
2024,22,4/08/2024,St Kilda,Brisbane Lions,CD_M20240142107
2024,23,9/08/2024,Sydney,Collingwood,CD_M20240142209
2024,23,10/08/2024,Brisbane Lions,Greater Western Sydney,CD_M20240142202
2024,23,10/08/2024,North Melbourne,West Coast,CD_M20240142207
2024,23,10/08/2024,Fremantle,Geelong,CD_M20240142205
2024,23,10/08/2024,Essendon,Gold Coast,CD_M20240142204
2024,23,10/08/2024,Melbourne,Port Adelaide,CD_M20240142206
2024,23,11/08/2024,Carlton,Hawthorn,CD_M20240142203
2024,23,11/08/2024,Richmond,St Kilda,CD_M20240142208
2024,23,11/08/2024,Adelaide,Western Bulldogs,CD_M20240142201
2024,24,16/08/2024,Essendon,Sydney,CD_M20240142302
2024,24,17/08/2024,Gold Coast,Melbourne,CD_M20240142303
2024,24,17/08/2024,Greater Western Sydney,Fremantle,CD_M20240142304
2024,24,17/08/2024,Collingwood,Brisbane Lions,CD_M20240142301
2024,24,17/08/2024,Port Adelaide,Adelaide,CD_M20240142306
2024,24,17/08/2024,St Kilda,Geelong,CD_M20240142307
2024,24,18/08/2024,Western Bulldogs,North Melbourne,CD_M20240142309
2024,24,18/08/2024,Hawthorn,Richmond,CD_M20240142305
2024,24,18/08/2024,West Coast,Carlton,CD_M20240142308
2024,25,23/08/2024,Melbourne,Collingwood,CD_M20240142406
2024,25,24/08/2024,Hawthorn,North Melbourne,CD_M20240142405
2024,25,24/08/2024,Geelong,West Coast,CD_M20240142404
2024,25,24/08/2024,Richmond,Gold Coast,CD_M20240142407
2024,25,24/08/2024,Brisbane Lions,Essendon,CD_M20240142401
2024,25,24/08/2024,Sydney,Adelaide,CD_M20240142408
2024,25,25/08/2024,Western Bulldogs,Greater Western Sydney,CD_M20240142409
2024,25,25/08/2024,Carlton,St Kilda,CD_M20240142402
2024,25,25/08/2024,Fremantle,Port Adelaide,CD_M20240142403
2024,QF,5/09/2024,Port Adelaide,Geelong,CD_M20240142501
2024,EF,6/09/2024,Western Bulldogs,Hawthorn,CD_M20240142502
2024,QF,7/09/2024,Sydney,Greater Western Sydney,CD_M20240142503
2024,EF,7/09/2024,Brisbane Lions,Carlton,CD_M20240142504
2024,SF,13/09/2024,Port Adelaide,Hawthorn,CD_M20240142601
2024,SF,14/09/2024,Greater Western Sydney,Brisbane Lions,CD_M20240142602
2024,PF,20/09/2024,Sydney,Port Adelaide,CD_M20240142701
2024,PF,21/09/2024,Geelong,Brisbane Lions,CD_M20240142702
2024,GF,28/09/2024,Sydney,Brisbane Lions,CD_M20240142801
2025,1,7/03/2025,Sydney,Hawthorn,CD_M20250140002
2025,1,9/03/2025,Greater Western Sydney,Collingwood,CD_M20250140004
2025,2,13/03/2025,Richmond,Carlton,CD_M20250140101
2025,2,14/03/2025,Hawthorn,Essendon,CD_M20250140102
2025,2,15/03/2025,Geelong,Fremantle,CD_M20250140103
2025,2,15/03/2025,Sydney,Brisbane Lions,CD_M20250140104
2025,2,15/03/2025,Western Bulldogs,North Melbourne,CD_M20250140105
2025,2,15/03/2025,Collingwood,Port Adelaide,CD_M20250140106
2025,2,16/03/2025,Adelaide,St Kilda,CD_M20250140107
2025,2,16/03/2025,Melbourne,Greater Western Sydney,CD_M20250140108
2025,2,16/03/2025,West Coast,Gold Coast,CD_M20250140109
2025,3,20/03/2025,Carlton,Hawthorn,CD_M20250140201
2025,3,21/03/2025,Western Bulldogs,Collingwood,CD_M20250140202
2025,3,22/03/2025,Essendon,Adelaide,CD_M20250140203
2025,3,22/03/2025,Port Adelaide,Richmond,CD_M20250140204
2025,3,22/03/2025,St Kilda,Geelong,CD_M20250140205
2025,3,23/03/2025,Brisbane Lions,West Coast,CD_M20250140206
2025,3,23/03/2025,North Melbourne,Melbourne,CD_M20250140207
2025,3,23/03/2025,Fremantle,Sydney,CD_M20250140208
2025,4,27/03/2025,Essendon,Port Adelaide,CD_M20250140301
2025,4,28/03/2025,Carlton,Western Bulldogs,CD_M20250140302
2025,4,29/03/2025,Melbourne,Gold Coast,CD_M20250140303
2025,4,29/03/2025,St Kilda,Richmond,CD_M20250140304
2025,4,29/03/2025,Hawthorn,Greater Western Sydney,CD_M20250140305
2025,4,29/03/2025,Brisbane Lions,Geelong,CD_M20250140308
2025,4,30/03/2025,Adelaide,North Melbourne,CD_M20250140306
2025,4,30/03/2025,West Coast,Fremantle,CD_M20250140307
2025,5,3/04/2025,Collingwood,Carlton,CD_M20250140401
2025,5,4/04/2025,Geelong,Melbourne,CD_M20250140402
2025,5,5/04/2025,Gold Coast,Adelaide,CD_M20250140403
2025,5,5/04/2025,Richmond,Brisbane Lions,CD_M20250140404
2025,5,5/04/2025,North Melbourne,Sydney,CD_M20250140405
2025,5,6/04/2025,Greater Western Sydney,West Coast,CD_M20250140406
2025,5,6/04/2025,Port Adelaide,St Kilda,CD_M20250140407
2025,5,6/04/2025,Fremantle,Western Bulldogs,CD_M20250140408
2025,6,10/04/2025,Adelaide,Geelong,CD_M20250140501
2025,6,11/04/2025,Collingwood,Sydney,CD_M20250140502
2025,6,12/04/2025,North Melbourne,Gold Coast,CD_M20250140504
2025,6,12/04/2025,Carlton,West Coast,CD_M20250140503
2025,6,12/04/2025,Western Bulldogs,Brisbane Lions,CD_M20250140505
2025,6,12/04/2025,Melbourne,Essendon,CD_M20250140506
2025,6,13/04/2025,Richmond,Fremantle,CD_M20250140507
2025,6,13/04/2025,St Kilda,Greater Western Sydney,CD_M20250140508
2025,6,13/04/2025,Port Adelaide,Hawthorn,CD_M20250140509
2025,7,17/04/2025,Brisbane Lions,Collingwood,CD_M20250140601
2025,7,18/04/2025,North Melbourne,Carlton,CD_M20250140602
2025,7,18/04/2025,West Coast,Essendon,CD_M20250140603
2025,7,19/04/2025,Melbourne,Fremantle,CD_M20250140604
2025,7,19/04/2025,Adelaide,Greater Western Sydney,CD_M20250140605
2025,7,19/04/2025,Richmond,Gold Coast,CD_M20250140606
2025,7,20/04/2025,Sydney,Port Adelaide,CD_M20250140607
2025,7,20/04/2025,Western Bulldogs,St Kilda,CD_M20250140608
2025,7,21/04/2025,Geelong,Hawthorn,CD_M20250140609
2025,8,24/04/2025,Melbourne,Richmond,CD_M20250140701
2025,8,25/04/2025,Collingwood,Essendon,CD_M20250140702
2025,8,25/04/2025,Fremantle,Adelaide,CD_M20250140703
2025,8,26/04/2025,St Kilda,Brisbane Lions,CD_M20250140705
2025,8,26/04/2025,Port Adelaide,North Melbourne,CD_M20250140704
2025,8,26/04/2025,Greater Western Sydney,Western Bulldogs,CD_M20250140706
2025,8,27/04/2025,Gold Coast,Sydney,CD_M20250140707
2025,8,27/04/2025,Carlton,Geelong,CD_M20250140708
2025,8,27/04/2025,Hawthorn,West Coast,CD_M20250140709
2025,9,1/05/2025,Essendon,North Melbourne,CD_M20250140801
2025,9,2/05/2025,St Kilda,Fremantle,CD_M20250140802
2025,9,3/05/2025,Western Bulldogs,Port Adelaide,CD_M20250140803
2025,9,3/05/2025,Adelaide,Carlton,CD_M20250140804
2025,9,3/05/2025,Collingwood,Geelong,CD_M20250140805
2025,9,3/05/2025,West Coast,Melbourne,CD_M20250140806
2025,9,4/05/2025,Sydney,Greater Western Sydney,CD_M20250140807
2025,9,4/05/2025,Hawthorn,Richmond,CD_M20250140808
2025,9,4/05/2025,Brisbane Lions,Gold Coast,CD_M20250140809
2025,10,8/05/2025,Fremantle,Collingwood,CD_M20250140901
2025,10,9/05/2025,St Kilda,Carlton,CD_M20250140902
2025,10,10/05/2025,Melbourne,Hawthorn,CD_M20250140903
2025,10,10/05/2025,Essendon,Sydney,CD_M20250140904
2025,10,10/05/2025,Gold Coast,Western Bulldogs,CD_M20250140905
2025,10,10/05/2025,Port Adelaide,Adelaide,CD_M20250140906
2025,10,11/05/2025,Richmond,West Coast,CD_M20250140907
2025,10,11/05/2025,Geelong,Greater Western Sydney,CD_M20250140908
2025,10,11/05/2025,North Melbourne,Brisbane Lions,CD_M20250140909
2025,11,15/05/2025,Gold Coast,Hawthorn,CD_M20250141001
2025,11,16/05/2025,Sydney,Carlton,CD_M20250141002
2025,11,17/05/2025,Collingwood,Adelaide,CD_M20250141003
2025,11,17/05/2025,Port Adelaide,Geelong,CD_M20250141004
2025,11,17/05/2025,Greater Western Sydney,Fremantle,CD_M20250141005
2025,11,17/05/2025,Western Bulldogs,Essendon,CD_M20250141006
2025,11,18/05/2025,Richmond,North Melbourne,CD_M20250141007
2025,11,18/05/2025,Brisbane Lions,Melbourne,CD_M20250141008
2025,11,18/05/2025,West Coast,St Kilda,CD_M20250141009
2025,12,22/05/2025,Geelong,Western Bulldogs,CD_M20250141101
2025,12,23/05/2025,Essendon,Richmond,CD_M20250141102
2025,12,24/05/2025,Carlton,Greater Western Sydney,CD_M20250141103
2025,12,24/05/2025,Hawthorn,Brisbane Lions,CD_M20250141104
2025,12,24/05/2025,North Melbourne,Collingwood,CD_M20250141105
2025,12,24/05/2025,Fremantle,Port Adelaide,CD_M20250141106
2025,12,25/05/2025,Adelaide,West Coast,CD_M20250141107
2025,12,25/05/2025,Melbourne,Sydney,CD_M20250141108
2025,12,25/05/2025,St Kilda,Gold Coast,CD_M20250141109
2025,13,29/05/2025,Brisbane Lions,Essendon,CD_M20250141201
2025,13,30/05/2025,Collingwood,Hawthorn,CD_M20250141202
2025,13,31/05/2025,Gold Coast,Fremantle,CD_M20250141203
2025,13,31/05/2025,Greater Western Sydney,Richmond,CD_M20250141204
2025,13,31/05/2025,Sydney,Adelaide,CD_M20250141205
2025,13,1/06/2025,Melbourne,St Kilda,CD_M20250141206
2025,13,1/06/2025,West Coast,Geelong,CD_M20250141207
2025,14,5/06/2025,Western Bulldogs,Hawthorn,CD_M20250141301
2025,14,6/06/2025,Adelaide,Brisbane Lions,CD_M20250141302
2025,14,7/06/2025,Richmond,Sydney,CD_M20250141303
2025,14,7/06/2025,Geelong,Gold Coast,CD_M20250141304
2025,14,7/06/2025,Greater Western Sydney,Port Adelaide,CD_M20250141305
2025,14,8/06/2025,North Melbourne,West Coast,CD_M20250141306
2025,14,8/06/2025,Carlton,Essendon,CD_M20250141307
2025,14,9/06/2025,Melbourne,Collingwood,CD_M20250141308
2025,15,12/06/2025,St Kilda,Western Bulldogs,CD_M20250141401
2025,15,13/06/2025,Hawthorn,Adelaide,CD_M20250141402
2025,15,14/06/2025,Brisbane Lions,Greater Western Sydney,CD_M20250141403
2025,15,14/06/2025,Essendon,Geelong,CD_M20250141404
2025,15,14/06/2025,North Melbourne,Fremantle,CD_M20250141405
2025,15,15/06/2025,Port Adelaide,Melbourne,CD_M20250141406
2025,15,15/06/2025,West Coast,Carlton,CD_M20250141407
2025,16,19/06/2025,Fremantle,Essendon,CD_M20250141501
2025,16,20/06/2025,Geelong,Brisbane Lions,CD_M20250141502
2025,16,21/06/2025,Carlton,North Melbourne,CD_M20250141503
2025,16,21/06/2025,Port Adelaide,Sydney,CD_M20250141504
2025,16,21/06/2025,Collingwood,St Kilda,CD_M20250141505
2025,16,22/06/2025,Greater Western Sydney,Gold Coast,CD_M20250141506
2025,16,22/06/2025,Western Bulldogs,Richmond,CD_M20250141507
2025,17,26/06/2025,Port Adelaide,Carlton,CD_M20250141601
2025,17,27/06/2025,Sydney,Western Bulldogs,CD_M20250141606
2025,17,28/06/2025,Gold Coast,Melbourne,CD_M20250141604
2025,17,28/06/2025,Hawthorn,North Melbourne,CD_M20250141607
2025,17,28/06/2025,Collingwood,West Coast,CD_M20250141602
2025,17,29/06/2025,Richmond,Adelaide,CD_M20250141603
2025,17,29/06/2025,Fremantle,St Kilda,CD_M20250141605
2025,18,3/07/2025,North Melbourne,Western Bulldogs,CD_M20250141704
2025,18,4/07/2025,Carlton,Collingwood,CD_M20250141706
2025,18,4/07/2025,West Coast,Greater Western Sydney,CD_M20250141707
2025,18,5/07/2025,Essendon,Gold Coast,CD_M20250141705
2025,18,5/07/2025,Geelong,Richmond,CD_M20250141702
2025,18,5/07/2025,Brisbane Lions,Port Adelaide,CD_M20250141709
2025,18,5/07/2025,St Kilda,Hawthorn,CD_M20250141703
2025,18,6/07/2025,Sydney,Fremantle,CD_M20250141708
2025,18,6/07/2025,Adelaide,Melbourne,CD_M20250141701
2025,19,10/07/2025,Carlton,Brisbane Lions,CD_M20250141805
2025,19,11/07/2025,Gold Coast,Collingwood,CD_M20250141808
2025,19,12/07/2025,Western Bulldogs,Adelaide,CD_M20250141803
2025,19,12/07/2025,Greater Western Sydney,Geelong,CD_M20250141802
2025,19,12/07/2025,Richmond,Essendon,CD_M20250141807
2025,19,12/07/2025,Fremantle,Hawthorn,CD_M20250141809
2025,19,13/07/2025,Melbourne,North Melbourne,CD_M20250141806
2025,19,13/07/2025,St Kilda,Sydney,CD_M20250141804
2025,19,13/07/2025,Port Adelaide,West Coast,CD_M20250141801
2025,20,17/07/2025,Essendon,Greater Western Sydney,CD_M20250141903
2025,20,18/07/2025,Brisbane Lions,Western Bulldogs,CD_M20250141908
2025,20,19/07/2025,Hawthorn,Port Adelaide,CD_M20250141909
2025,20,19/07/2025,Sydney,North Melbourne,CD_M20250141907
2025,20,19/07/2025,Carlton,Melbourne,CD_M20250141904
2025,20,19/07/2025,West Coast,Richmond,CD_M20250141906
2025,20,20/07/2025,Geelong,St Kilda,CD_M20250141902
2025,20,20/07/2025,Collingwood,Fremantle,CD_M20250141905
2025,20,20/07/2025,Adelaide,Gold Coast,CD_M20250141901
2025,21,24/07/2025,Hawthorn,Carlton,CD_M20250142007
2025,21,25/07/2025,Essendon,Western Bulldogs,CD_M20250142005
2025,21,25/07/2025,Greater Western Sydney,Sydney,CD_M20250142002
2025,21,26/07/2025,Gold Coast,Brisbane Lions,CD_M20250142008
2025,21,26/07/2025,Fremantle,West Coast,CD_M20250142009
2025,21,26/07/2025,North Melbourne,Geelong,CD_M20250142003
2025,21,26/07/2025,Adelaide,Port Adelaide,CD_M20250142001
2025,21,27/07/2025,Richmond,Collingwood,CD_M20250142006
2025,21,27/07/2025,St Kilda,Melbourne,CD_M20250142004
2025,22,31/07/2025,Western Bulldogs,Greater Western Sydney,CD_M20250142105
2025,22,1/08/2025,Adelaide,Hawthorn,CD_M20250142101
2025,22,2/08/2025,Melbourne,West Coast,CD_M20250142104
2025,22,2/08/2025,Gold Coast,Richmond,CD_M20250142107
2025,22,2/08/2025,Sydney,Essendon,CD_M20250142109
2025,22,2/08/2025,Collingwood,Brisbane Lions,CD_M20250142106
2025,22,3/08/2025,St Kilda,North Melbourne,CD_M20250142103
2025,22,3/08/2025,Geelong,Port Adelaide,CD_M20250142102
2025,22,3/08/2025,Fremantle,Carlton,CD_M20250142108
2025,23,7/08/2025,Hawthorn,Collingwood,CD_M20250142207
2025,23,8/08/2025,Geelong,Essendon,CD_M20250142202
2025,23,9/08/2025,Brisbane Lions,Sydney,CD_M20250142209
2025,23,9/08/2025,Carlton,Gold Coast,CD_M20250142204
2025,23,9/08/2025,Port Adelaide,Fremantle,CD_M20250142201
2025,23,9/08/2025,Richmond,St Kilda,CD_M20250142205
2025,23,10/08/2025,Greater Western Sydney,North Melbourne,CD_M20250142203
2025,23,10/08/2025,Melbourne,Western Bulldogs,CD_M20250142206
2025,23,10/08/2025,West Coast,Adelaide,CD_M20250142208
2025,24,15/08/2025,Essendon,St Kilda,CD_M20250142303
2025,24,15/08/2025,Fremantle,Brisbane Lions,CD_M20250142308
2025,24,16/08/2025,Adelaide,Collingwood,CD_M20250142301
2025,24,16/08/2025,Carlton,Port Adelaide,CD_M20250142305
2025,24,16/08/2025,Gold Coast,Greater Western Sydney,CD_M20250142307
2025,24,16/08/2025,Hawthorn,Melbourne,CD_M20250142306
2025,24,17/08/2025,North Melbourne,Richmond,CD_M20250142302
2025,24,17/08/2025,Sydney,Geelong,CD_M20250142309
2025,24,17/08/2025,Western Bulldogs,West Coast,CD_M20250142304
2025,25,21/08/2025,Essendon,Carlton,CD_M20250142407
2025,25,22/08/2025,Collingwood,Melbourne,CD_M20250142405
2025,25,22/08/2025,Port Adelaide,Gold Coast,CD_M20250142401
2025,25,23/08/2025,North Melbourne,Adelaide,CD_M20250142403
2025,25,23/08/2025,Richmond,Geelong,CD_M20250142406
2025,25,23/08/2025,West Coast,Sydney,CD_M20250142408
2025,25,24/08/2025,Brisbane Lions,Hawthorn,CD_M20250142409
2025,25,24/08/2025,Greater Western Sydney,St Kilda,CD_M20250142402
2025,25,24/08/2025,Western Bulldogs,Fremantle,CD_M20250142404
2025,1,27/08/2025,Gold Coast,Essendon,CD_M20250142410
